Team,Year,Stage,Era,matches_played,wins,draws,losses,goals_scored,goals_conceded,win_rate,goal_difference,avg_goals_scored,avg_goals_conceded,is_champion_year
Algeria,1982,Fase de Grupos,Modern Era,3,2,0,1,5,5,0.6666666666666666,0,1.6666666666666667,1.6666666666666667,0
Algeria,1986,Fase de Grupos,Modern Era,3,0,1,2,1,5,0.0,-4,0.3333333333333333,1.6666666666666667,0
Algeria,2010,Fase de Grupos,Contemporary Era,3,0,1,2,0,2,0.0,-2,0.0,0.6666666666666666,0
Algeria,2014,Fase de Grupos,Contemporary Era,3,1,1,1,6,5,0.3333333333333333,1,2.0,1.6666666666666667,0
Algeria,2014,Oitavas de Final,Contemporary Era,1,0,0,1,1,2,0.0,-1,1.0,2.0,0
Angola,2006,Fase de Grupos,Contemporary Era,3,0,2,1,1,2,0.0,-1,0.3333333333333333,0.6666666666666666,0
Argentina,1930,Fase de Grupos,Classic Era,3,3,0,0,10,4,1.0,6,3.3333333333333335,1.3333333333333333,0
Argentina,1930,Final,Classic Era,1,0,0,1,2,4,0.0,-2,2.0,4.0,0
Argentina,1930,Semi-finais,Classic Era,1,1,0,0,6,1,1.0,5,6.0,1.0,0
Argentina,1934,Oitavas de Final,Classic Era,1,0,0,1,2,3,0.0,-1,2.0,3.0,0
Argentina,1958,Fase de Grupos,Classic Era,3,1,0,2,5,10,0.3333333333333333,-5,1.6666666666666667,3.3333333333333335,0
Argentina,1962,Fase de Grupos,Classic Era,3,1,1,1,2,3,0.3333333333333333,-1,0.6666666666666666,1.0,0
Argentina,1966,Fase de Grupos,Classic Era,3,2,1,0,4,1,0.6666666666666666,3,1.3333333333333333,0.3333333333333333,0
Argentina,1966,Quartas de Final,Classic Era,1,0,0,1,0,1,0.0,-1,0.0,1.0,0
Argentina,1974,Fase de Grupos,Modern Era,6,1,2,3,9,12,0.16666666666666666,-3,1.5,2.0,0
Argentina,1978,Fase de Grupos,Modern Era,6,4,1,1,12,3,0.6666666666666666,9,2.0,0.5,1
Argentina,1978,Final,Modern Era,1,1,0,0,3,1,1.0,2,3.0,1.0,1
Argentina,1982,Fase de Grupos,Modern Era,5,2,0,3,8,7,0.4,1,1.6,1.4,0
Argentina,1986,Fase de Grupos,Modern Era,3,2,1,0,6,2,0.6666666666666666,4,2.0,0.6666666666666666,1
Argentina,1986,Final,Modern Era,1,1,0,0,3,2,1.0,1,3.0,2.0,1
Argentina,1986,Oitavas de Final,Modern Era,1,1,0,0,1,0,1.0,1,1.0,0.0,1
Argentina,1986,Quartas de Final,Modern Era,1,1,0,0,2,1,1.0,1,2.0,1.0,1
Argentina,1986,Semi-finais,Modern Era,1,1,0,0,2,0,1.0,2,2.0,0.0,1
Argentina,1990,Fase de Grupos,Modern Era,3,1,1,1,3,2,0.3333333333333333,1,1.0,0.6666666666666666,0
Argentina,1990,Final,Modern Era,1,0,0,1,0,1,0.0,-1,0.0,1.0,0
Argentina,1990,Oitavas de Final,Modern Era,1,1,0,0,1,0,1.0,1,1.0,0.0,0
Argentina,1990,Quartas de Final,Modern Era,1,1,0,0,0,0,1.0,0,0.0,0.0,0
Argentina,1990,Semi-finais,Modern Era,1,1,0,0,1,1,1.0,0,1.0,1.0,0
Argentina,1994,Fase de Grupos,Modern Era,3,2,0,1,6,3,0.6666666666666666,3,2.0,1.0,0
Argentina,1994,Oitavas de Final,Modern Era,1,0,0,1,2,3,0.0,-1,2.0,3.0,0
Argentina,1998,Fase de Grupos,Modern Era,3,3,0,0,7,0,1.0,7,2.3333333333333335,0.0,0
Argentina,1998,Oitavas de Final,Modern Era,1,1,0,0,2,2,1.0,0,2.0,2.0,0
Argentina,1998,Quartas de Final,Modern Era,1,0,0,1,1,2,0.0,-1,1.0,2.0,0
Argentina,2002,Fase de Grupos,Modern Era,3,1,1,1,2,2,0.3333333333333333,0,0.6666666666666666,0.6666666666666666,0
Argentina,2006,Fase de Grupos,Contemporary Era,3,2,1,0,8,1,0.6666666666666666,7,2.6666666666666665,0.3333333333333333,0
Argentina,2006,Oitavas de Final,Contemporary Era,1,1,0,0,2,1,1.0,1,2.0,1.0,0
Argentina,2006,Quartas de Final,Contemporary Era,1,0,0,1,1,1,0.0,0,1.0,1.0,0
Argentina,2010,Fase de Grupos,Contemporary Era,3,3,0,0,7,1,1.0,6,2.3333333333333335,0.3333333333333333,0
Argentina,2010,Oitavas de Final,Contemporary Era,1,1,0,0,3,1,1.0,2,3.0,1.0,0
Argentina,2010,Quartas de Final,Contemporary Era,1,0,0,1,0,4,0.0,-4,0.0,4.0,0
Argentina,2014,Fase de Grupos,Contemporary Era,3,3,0,0,6,3,1.0,3,2.0,1.0,0
Argentina,2014,Final,Contemporary Era,1,0,0,1,0,1,0.0,-1,0.0,1.0,0
Argentina,2014,Oitavas de Final,Contemporary Era,1,1,0,0,1,0,1.0,1,1.0,0.0,0
Argentina,2014,Quartas de Final,Contemporary Era,1,1,0,0,1,0,1.0,1,1.0,0.0,0
Argentina,2014,Semi-finais,Contemporary Era,1,1,0,0,0,0,1.0,0,0.0,0.0,0
Argentina,2018,Fase de Grupos,Contemporary Era,3,1,1,1,3,5,0.3333333333333333,-2,1.0,1.6666666666666667,0
Argentina,2018,Oitavas de Final,Contemporary Era,1,0,0,1,3,4,0.0,-1,3.0,4.0,0
Argentina,2022,Fase de Grupos,Contemporary Era,3,2,0,1,5,2,0.6666666666666666,3,1.6666666666666667,0.6666666666666666,1
Argentina,2022,Final,Contemporary Era,1,1,0,0,3,3,1.0,0,3.0,3.0,1
Argentina,2022,Oitavas de Final,Contemporary Era,1,1,0,0,2,1,1.0,1,2.0,1.0,1
Argentina,2022,Quartas de Final,Contemporary Era,1,1,0,0,2,2,1.0,0,2.0,2.0,1
Argentina,2022,Semi-finais,Contemporary Era,1,1,0,0,3,0,1.0,3,3.0,0.0,1
Australia,1974,Fase de Grupos,Modern Era,3,0,1,2,0,5,0.0,-5,0.0,1.6666666666666667,0
Australia,2006,Fase de Grupos,Contemporary Era,3,1,1,1,5,5,0.3333333333333333,0,1.6666666666666667,1.6666666666666667,0
Australia,2006,Oitavas de Final,Contemporary Era,1,0,0,1,0,1,0.0,-1,0.0,1.0,0
Australia,2010,Fase de Grupos,Contemporary Era,3,1,1,1,3,6,0.3333333333333333,-3,1.0,2.0,0
Australia,2014,Fase de Grupos,Contemporary Era,3,0,0,3,3,9,0.0,-6,1.0,3.0,0
Australia,2018,Fase de Grupos,Contemporary Era,3,0,1,2,2,5,0.0,-3,0.6666666666666666,1.6666666666666667,0
Australia,2022,Fase de Grupos,Contemporary Era,3,2,0,1,3,4,0.6666666666666666,-1,1.0,1.3333333333333333,0
Australia,2022,Oitavas de Final,Contemporary Era,1,0,0,1,1,2,0.0,-1,1.0,2.0,0
Austria,1934,Oitavas de Final,Classic Era,1,1,0,0,3,2,1.0,1,3.0,2.0,0
Austria,1934,Quartas de Final,Classic Era,1,1,0,0,2,1,1.0,1,2.0,1.0,0
Austria,1934,Semi-finais,Classic Era,1,0,0,1,0,1,0.0,-1,0.0,1.0,0
Austria,1934,Terceiro Lugar,Classic Era,1,0,0,1,2,3,0.0,-1,2.0,3.0,0
Austria,1954,Fase de Grupos,Classic Era,2,2,0,0,6,0,1.0,6,3.0,0.0,0
Austria,1954,Quartas de Final,Classic Era,1,1,0,0,7,5,1.0,2,7.0,5.0,0
Austria,1954,Semi-finais,Classic Era,1,0,0,1,1,6,0.0,-5,1.0,6.0,0
Austria,1954,Terceiro Lugar,Classic Era,1,1,0,0,3,1,1.0,2,3.0,1.0,0
Austria,1958,Fase de Grupos,Classic Era,3,0,1,2,2,7,0.0,-5,0.6666666666666666,2.3333333333333335,0
Austria,1978,Fase de Grupos,Modern Era,6,3,0,3,7,10,0.5,-3,1.1666666666666667,1.6666666666666667,0
Austria,1982,Fase de Grupos,Modern Era,5,2,1,2,5,4,0.4,1,1.0,0.8,0
Austria,1990,Fase de Grupos,Modern Era,3,1,0,2,2,3,0.3333333333333333,-1,0.6666666666666666,1.0,0
Austria,1998,Fase de Grupos,Modern Era,3,0,2,1,3,4,0.0,-1,1.0,1.3333333333333333,0
Belgium,1930,Fase de Grupos,Classic Era,2,0,0,2,0,4,0.0,-4,0.0,2.0,0
Belgium,1934,Oitavas de Final,Classic Era,1,0,0,1,2,5,0.0,-3,2.0,5.0,0
Belgium,1938,Oitavas de Final,Classic Era,1,0,0,1,1,3,0.0,-2,1.0,3.0,0
Belgium,1954,Fase de Grupos,Classic Era,2,0,1,1,5,8,0.0,-3,2.5,4.0,0
Belgium,1970,Fase de Grupos,Classic Era,3,1,0,2,4,5,0.3333333333333333,-1,1.3333333333333333,1.6666666666666667,0
Belgium,1982,Fase de Grupos,Modern Era,5,2,1,2,3,5,0.4,-2,0.6,1.0,0
Belgium,1986,Fase de Grupos,Modern Era,3,1,1,1,5,5,0.3333333333333333,0,1.6666666666666667,1.6666666666666667,0
Belgium,1986,Oitavas de Final,Modern Era,1,1,0,0,4,3,1.0,1,4.0,3.0,0
Belgium,1986,Quartas de Final,Modern Era,1,1,0,0,1,1,1.0,0,1.0,1.0,0
Belgium,1986,Semi-finais,Modern Era,1,0,0,1,0,2,0.0,-2,0.0,2.0,0
Belgium,1986,Terceiro Lugar,Modern Era,1,0,0,1,2,4,0.0,-2,2.0,4.0,0
Belgium,1990,Fase de Grupos,Modern Era,3,2,0,1,6,3,0.6666666666666666,3,2.0,1.0,0
Belgium,1990,Oitavas de Final,Modern Era,1,0,0,1,0,1,0.0,-1,0.0,1.0,0
Belgium,1994,Fase de Grupos,Modern Era,3,2,0,1,2,1,0.6666666666666666,1,0.6666666666666666,0.3333333333333333,0
Belgium,1994,Oitavas de Final,Modern Era,1,0,0,1,2,3,0.0,-1,2.0,3.0,0
Belgium,1998,Fase de Grupos,Modern Era,3,0,3,0,3,3,0.0,0,1.0,1.0,0
Belgium,2002,Fase de Grupos,Modern Era,3,1,2,0,6,5,0.3333333333333333,1,2.0,1.6666666666666667,0
Belgium,2002,Oitavas de Final,Modern Era,1,0,0,1,0,2,0.0,-2,0.0,2.0,0
Belgium,2014,Fase de Grupos,Contemporary Era,3,3,0,0,4,1,1.0,3,1.3333333333333333,0.3333333333333333,0
Belgium,2014,Oitavas de Final,Contemporary Era,1,1,0,0,2,1,1.0,1,2.0,1.0,0
Belgium,2014,Quartas de Final,Contemporary Era,1,0,0,1,0,1,0.0,-1,0.0,1.0,0
Belgium,2018,Fase de Grupos,Contemporary Era,3,3,0,0,9,2,1.0,7,3.0,0.6666666666666666,0
Belgium,2018,Oitavas de Final,Contemporary Era,1,1,0,0,3,2,1.0,1,3.0,2.0,0
Belgium,2018,Quartas de Final,Contemporary Era,1,1,0,0,2,1,1.0,1,2.0,1.0,0
Belgium,2018,Semi-finais,Contemporary Era,1,0,0,1,0,1,0.0,-1,0.0,1.0,0
Belgium,2018,Terceiro Lugar,Contemporary Era,1,1,0,0,2,0,1.0,2,2.0,0.0,0
Belgium,2022,Fase de Grupos,Contemporary Era,3,1,1,1,1,2,0.3333333333333333,-1,0.3333333333333333,0.6666666666666666,0
Bolivia,1930,Fase de Grupos,Classic Era,2,0,0,2,0,8,0.0,-8,0.0,4.0,0
Bolivia,1950,Fase de Grupos,Classic Era,1,0,0,1,0,8,0.0,-8,0.0,8.0,0
Bolivia,1994,Fase de Grupos,Modern Era,3,0,1,2,1,4,0.0,-3,0.3333333333333333,1.3333333333333333,0
Bosnia and Herzegovina,2014,Fase de Grupos,Contemporary Era,3,1,0,2,4,4,0.3333333333333333,0,1.3333333333333333,1.3333333333333333,0
Brazil,1930,Fase de Grupos,Classic Era,2,1,0,1,5,2,0.5,3,2.5,1.0,0
Brazil,1934,Oitavas de Final,Classic Era,1,0,0,1,1,3,0.0,-2,1.0,3.0,0
Brazil,1938,Oitavas de Final,Classic Era,1,1,0,0,6,5,1.0,1,6.0,5.0,0
Brazil,1938,Quartas de Final,Classic Era,2,1,1,0,3,2,0.5,1,1.5,1.0,0
Brazil,1938,Semi-finais,Classic Era,1,0,0,1,1,2,0.0,-1,1.0,2.0,0
Brazil,1938,Terceiro Lugar,Classic Era,1,1,0,0,4,2,1.0,2,4.0,2.0,0
Brazil,1950,Fase de Grupos,Classic Era,6,4,1,1,22,6,0.6666666666666666,16,3.6666666666666665,1.0,0
Brazil,1954,Fase de Grupos,Classic Era,2,1,1,0,6,1,0.5,5,3.0,0.5,0
Brazil,1954,Quartas de Final,Classic Era,1,0,0,1,2,4,0.0,-2,2.0,4.0,0
Brazil,1958,Fase de Grupos,Classic Era,3,2,1,0,5,0,0.6666666666666666,5,1.6666666666666667,0.0,1
Brazil,1958,Final,Classic Era,1,1,0,0,5,2,1.0,3,5.0,2.0,1
Brazil,1958,Quartas de Final,Classic Era,1,1,0,0,1,0,1.0,1,1.0,0.0,1
Brazil,1958,Semi-finais,Classic Era,1,1,0,0,5,2,1.0,3,5.0,2.0,1
Brazil,1962,Fase de Grupos,Classic Era,3,2,1,0,4,1,0.6666666666666666,3,1.3333333333333333,0.3333333333333333,1
Brazil,1962,Final,Classic Era,1,1,0,0,3,1,1.0,2,3.0,1.0,1
Brazil,1962,Quartas de Final,Classic Era,1,1,0,0,3,1,1.0,2,3.0,1.0,1
Brazil,1962,Semi-finais,Classic Era,1,1,0,0,4,2,1.0,2,4.0,2.0,1
Brazil,1966,Fase de Grupos,Classic Era,3,1,0,2,4,6,0.3333333333333333,-2,1.3333333333333333,2.0,0
Brazil,1970,Fase de Grupos,Classic Era,3,3,0,0,8,3,1.0,5,2.6666666666666665,1.0,1
Brazil,1970,Final,Classic Era,1,1,0,0,4,1,1.0,3,4.0,1.0,1
Brazil,1970,Quartas de Final,Classic Era,1,1,0,0,4,2,1.0,2,4.0,2.0,1
Brazil,1970,Semi-finais,Classic Era,1,1,0,0,3,1,1.0,2,3.0,1.0,1
Brazil,1974,Fase de Grupos,Modern Era,6,3,2,1,6,3,0.5,3,1.0,0.5,0
Brazil,1974,Terceiro Lugar,Modern Era,1,0,0,1,0,1,0.0,-1,0.0,1.0,0
Brazil,1978,Fase de Grupos,Modern Era,6,3,3,0,8,2,0.5,6,1.3333333333333333,0.3333333333333333,0
Brazil,1978,Terceiro Lugar,Modern Era,1,1,0,0,2,1,1.0,1,2.0,1.0,0
Brazil,1982,Fase de Grupos,Modern Era,5,4,0,1,15,6,0.8,9,3.0,1.2,0
Brazil,1986,Fase de Grupos,Modern Era,3,3,0,0,5,0,1.0,5,1.6666666666666667,0.0,0
Brazil,1986,Oitavas de Final,Modern Era,1,1,0,0,4,0,1.0,4,4.0,0.0,0
Brazil,1986,Quartas de Final,Modern Era,1,0,0,1,1,1,0.0,0,1.0,1.0,0
Brazil,1990,Fase de Grupos,Modern Era,3,3,0,0,4,1,1.0,3,1.3333333333333333,0.3333333333333333,0
Brazil,1990,Oitavas de Final,Modern Era,1,0,0,1,0,1,0.0,-1,0.0,1.0,0
Brazil,1994,Fase de Grupos,Modern Era,3,2,1,0,6,1,0.6666666666666666,5,2.0,0.3333333333333333,1
Brazil,1994,Final,Modern Era,1,1,0,0,0,0,1.0,0,0.0,0.0,1
Brazil,1994,Oitavas de Final,Modern Era,1,1,0,0,1,0,1.0,1,1.0,0.0,1
Brazil,1994,Quartas de Final,Modern Era,1,1,0,0,3,2,1.0,1,3.0,2.0,1
Brazil,1994,Semi-finais,Modern Era,1,1,0,0,1,0,1.0,1,1.0,0.0,1
Brazil,1998,Fase de Grupos,Modern Era,3,2,0,1,6,3,0.6666666666666666,3,2.0,1.0,0
Brazil,1998,Final,Modern Era,1,0,0,1,0,3,0.0,-3,0.0,3.0,0
Brazil,1998,Oitavas de Final,Modern Era,1,1,0,0,4,1,1.0,3,4.0,1.0,0
Brazil,1998,Quartas de Final,Modern Era,1,1,0,0,3,2,1.0,1,3.0,2.0,0
Brazil,1998,Semi-finais,Modern Era,1,1,0,0,1,1,1.0,0,1.0,1.0,0
Brazil,2002,Fase de Grupos,Modern Era,3,3,0,0,11,3,1.0,8,3.6666666666666665,1.0,1
Brazil,2002,Final,Modern Era,1,1,0,0,2,0,1.0,2,2.0,0.0,1
Brazil,2002,Oitavas de Final,Modern Era,1,1,0,0,2,0,1.0,2,2.0,0.0,1
Brazil,2002,Quartas de Final,Modern Era,1,1,0,0,2,1,1.0,1,2.0,1.0,1
Brazil,2002,Semi-finais,Modern Era,1,1,0,0,1,0,1.0,1,1.0,0.0,1
Brazil,2006,Fase de Grupos,Contemporary Era,3,3,0,0,7,1,1.0,6,2.3333333333333335,0.3333333333333333,0
Brazil,2006,Oitavas de Final,Contemporary Era,1,1,0,0,3,0,1.0,3,3.0,0.0,0
Brazil,2006,Quartas de Final,Contemporary Era,1,0,0,1,0,1,0.0,-1,0.0,1.0,0
Brazil,2010,Fase de Grupos,Contemporary Era,3,2,1,0,5,2,0.6666666666666666,3,1.6666666666666667,0.6666666666666666,0
Brazil,2010,Oitavas de Final,Contemporary Era,1,1,0,0,3,0,1.0,3,3.0,0.0,0
Brazil,2010,Quartas de Final,Contemporary Era,1,0,0,1,1,2,0.0,-1,1.0,2.0,0
Brazil,2014,Fase de Grupos,Contemporary Era,3,2,1,0,7,2,0.6666666666666666,5,2.3333333333333335,0.6666666666666666,0
Brazil,2014,Oitavas de Final,Contemporary Era,1,1,0,0,1,1,1.0,0,1.0,1.0,0
Brazil,2014,Quartas de Final,Contemporary Era,1,1,0,0,2,1,1.0,1,2.0,1.0,0
Brazil,2014,Semi-finais,Contemporary Era,1,0,0,1,1,7,0.0,-6,1.0,7.0,0
Brazil,2014,Terceiro Lugar,Contemporary Era,1,0,0,1,0,3,0.0,-3,0.0,3.0,0
Brazil,2018,Fase de Grupos,Contemporary Era,3,2,1,0,5,1,0.6666666666666666,4,1.6666666666666667,0.3333333333333333,0
Brazil,2018,Oitavas de Final,Contemporary Era,1,1,0,0,2,0,1.0,2,2.0,0.0,0
Brazil,2018,Quartas de Final,Contemporary Era,1,0,0,1,1,2,0.0,-1,1.0,2.0,0
Brazil,2022,Fase de Grupos,Contemporary Era,3,2,0,1,3,1,0.6666666666666666,2,1.0,0.3333333333333333,0
Brazil,2022,Oitavas de Final,Contemporary Era,1,1,0,0,4,1,1.0,3,4.0,1.0,0
Brazil,2022,Quartas de Final,Contemporary Era,1,0,0,1,1,1,0.0,0,1.0,1.0,0
Bulgaria,1962,Fase de Grupos,Classic Era,3,0,1,2,1,7,0.0,-6,0.3333333333333333,2.3333333333333335,0
Bulgaria,1966,Fase de Grupos,Classic Era,3,0,0,3,1,8,0.0,-7,0.3333333333333333,2.6666666666666665,0
Bulgaria,1970,Fase de Grupos,Classic Era,3,0,1,2,5,9,0.0,-4,1.6666666666666667,3.0,0
Bulgaria,1974,Fase de Grupos,Modern Era,3,0,2,1,2,5,0.0,-3,0.6666666666666666,1.6666666666666667,0
Bulgaria,1986,Fase de Grupos,Modern Era,3,0,2,1,2,4,0.0,-2,0.6666666666666666,1.3333333333333333,0
Bulgaria,1986,Oitavas de Final,Modern Era,1,0,0,1,0,2,0.0,-2,0.0,2.0,0
Bulgaria,1994,Fase de Grupos,Modern Era,3,2,0,1,6,3,0.6666666666666666,3,2.0,1.0,0
Bulgaria,1994,Oitavas de Final,Modern Era,1,1,0,0,1,1,1.0,0,1.0,1.0,0
Bulgaria,1994,Quartas de Final,Modern Era,1,1,0,0,2,1,1.0,1,2.0,1.0,0
Bulgaria,1994,Semi-finais,Modern Era,1,0,0,1,1,2,0.0,-1,1.0,2.0,0
Bulgaria,1994,Terceiro Lugar,Modern Era,1,0,0,1,0,4,0.0,-4,0.0,4.0,0
Bulgaria,1998,Fase de Grupos,Modern Era,3,0,1,2,1,7,0.0,-6,0.3333333333333333,2.3333333333333335,0
Cameroon,1982,Fase de Grupos,Modern Era,3,0,3,0,1,1,0.0,0,0.3333333333333333,0.3333333333333333,0
Cameroon,1990,Fase de Grupos,Modern Era,3,2,0,1,3,5,0.6666666666666666,-2,1.0,1.6666666666666667,0
Cameroon,1990,Oitavas de Final,Modern Era,1,1,0,0,2,1,1.0,1,2.0,1.0,0
Cameroon,1990,Quartas de Final,Modern Era,1,0,0,1,2,3,0.0,-1,2.0,3.0,0
Cameroon,1994,Fase de Grupos,Modern Era,3,0,1,2,3,11,0.0,-8,1.0,3.6666666666666665,0
Cameroon,1998,Fase de Grupos,Modern Era,3,0,2,1,2,5,0.0,-3,0.6666666666666666,1.6666666666666667,0
Cameroon,2002,Fase de Grupos,Modern Era,3,1,1,1,2,3,0.3333333333333333,-1,0.6666666666666666,1.0,0
Cameroon,2010,Fase de Grupos,Contemporary Era,3,0,0,3,2,5,0.0,-3,0.6666666666666666,1.6666666666666667,0
Cameroon,2014,Fase de Grupos,Contemporary Era,3,0,0,3,1,9,0.0,-8,0.3333333333333333,3.0,0
Cameroon,2022,Fase de Grupos,Contemporary Era,3,1,1,1,4,4,0.3333333333333333,0,1.3333333333333333,1.3333333333333333,0
Canada,1986,Fase de Grupos,Modern Era,3,0,0,3,0,5,0.0,-5,0.0,1.6666666666666667,0
Canada,2022,Fase de Grupos,Contemporary Era,3,0,0,3,2,7,0.0,-5,0.6666666666666666,2.3333333333333335,0
Chile,1930,Fase de Grupos,Classic Era,3,2,0,1,5,3,0.6666666666666666,2,1.6666666666666667,1.0,0
Chile,1950,Fase de Grupos,Classic Era,3,1,0,2,5,6,0.3333333333333333,-1,1.6666666666666667,2.0,0
Chile,1962,Fase de Grupos,Classic Era,3,2,0,1,5,3,0.6666666666666666,2,1.6666666666666667,1.0,0
Chile,1962,Quartas de Final,Classic Era,1,1,0,0,2,1,1.0,1,2.0,1.0,0
Chile,1962,Semi-finais,Classic Era,1,0,0,1,2,4,0.0,-2,2.0,4.0,0
Chile,1962,Terceiro Lugar,Classic Era,1,1,0,0,1,0,1.0,1,1.0,0.0,0
Chile,1966,Fase de Grupos,Classic Era,3,0,1,2,2,5,0.0,-3,0.6666666666666666,1.6666666666666667,0
Chile,1974,Fase de Grupos,Modern Era,3,0,2,1,1,2,0.0,-1,0.3333333333333333,0.6666666666666666,0
Chile,1982,Fase de Grupos,Modern Era,3,0,0,3,3,8,0.0,-5,1.0,2.6666666666666665,0
Chile,1998,Fase de Grupos,Modern Era,3,0,3,0,4,4,0.0,0,1.3333333333333333,1.3333333333333333,0
Chile,1998,Oitavas de Final,Modern Era,1,0,0,1,1,4,0.0,-3,1.0,4.0,0
Chile,2010,Fase de Grupos,Contemporary Era,3,2,0,1,3,2,0.6666666666666666,1,1.0,0.6666666666666666,0
Chile,2010,Oitavas de Final,Contemporary Era,1,0,0,1,0,3,0.0,-3,0.0,3.0,0
Chile,2014,Fase de Grupos,Contemporary Era,3,2,0,1,5,3,0.6666666666666666,2,1.6666666666666667,1.0,0
Chile,2014,Oitavas de Final,Contemporary Era,1,0,0,1,1,1,0.0,0,1.0,1.0,0
China PR,2002,Fase de Grupos,Modern Era,3,0,0,3,0,9,0.0,-9,0.0,3.0,0
Colombia,1962,Fase de Grupos,Classic Era,3,0,1,2,5,11,0.0,-6,1.6666666666666667,3.6666666666666665,0
Colombia,1990,Fase de Grupos,Modern Era,3,1,1,1,3,2,0.3333333333333333,1,1.0,0.6666666666666666,0
Colombia,1990,Oitavas de Final,Modern Era,1,0,0,1,1,2,0.0,-1,1.0,2.0,0
Colombia,1994,Fase de Grupos,Modern Era,3,1,0,2,4,5,0.3333333333333333,-1,1.3333333333333333,1.6666666666666667,0
Colombia,1998,Fase de Grupos,Modern Era,3,1,0,2,1,3,0.3333333333333333,-2,0.3333333333333333,1.0,0
Colombia,2014,Fase de Grupos,Contemporary Era,3,3,0,0,9,2,1.0,7,3.0,0.6666666666666666,0
Colombia,2014,Oitavas de Final,Contemporary Era,1,1,0,0,2,0,1.0,2,2.0,0.0,0
Colombia,2014,Quartas de Final,Contemporary Era,1,0,0,1,1,2,0.0,-1,1.0,2.0,0
Colombia,2018,Fase de Grupos,Contemporary Era,3,2,0,1,5,2,0.6666666666666666,3,1.6666666666666667,0.6666666666666666,0
Colombia,2018,Oitavas de Final,Contemporary Era,1,0,0,1,1,1,0.0,0,1.0,1.0,0
Costa Rica,1990,Fase de Grupos,Modern Era,3,2,0,1,3,2,0.6666666666666666,1,1.0,0.6666666666666666,0
Costa Rica,1990,Oitavas de Final,Modern Era,1,0,0,1,1,4,0.0,-3,1.0,4.0,0
Costa Rica,2002,Fase de Grupos,Modern Era,3,1,1,1,5,6,0.3333333333333333,-1,1.6666666666666667,2.0,0
Costa Rica,2006,Fase de Grupos,Contemporary Era,3,0,0,3,3,9,0.0,-6,1.0,3.0,0
Costa Rica,2014,Fase de Grupos,Contemporary Era,3,2,1,0,4,1,0.6666666666666666,3,1.3333333333333333,0.3333333333333333,0
Costa Rica,2014,Oitavas de Final,Contemporary Era,1,1,0,0,1,1,1.0,0,1.0,1.0,0
Costa Rica,2014,Quartas de Final,Contemporary Era,1,0,0,1,0,0,0.0,0,0.0,0.0,0
Costa Rica,2018,Fase de Grupos,Contemporary Era,3,0,1,2,2,5,0.0,-3,0.6666666666666666,1.6666666666666667,0
Costa Rica,2022,Fase de Grupos,Contemporary Era,3,1,0,2,3,11,0.3333333333333333,-8,1.0,3.6666666666666665,0
Croatia,1998,Fase de Grupos,Modern Era,3,2,0,1,4,2,0.6666666666666666,2,1.3333333333333333,0.6666666666666666,0
Croatia,1998,Oitavas de Final,Modern Era,1,1,0,0,1,0,1.0,1,1.0,0.0,0
Croatia,1998,Quartas de Final,Modern Era,1,1,0,0,3,0,1.0,3,3.0,0.0,0
Croatia,1998,Semi-finais,Modern Era,1,0,0,1,1,2,0.0,-1,1.0,2.0,0
Croatia,1998,Terceiro Lugar,Modern Era,1,1,0,0,2,1,1.0,1,2.0,1.0,0
Croatia,2002,Fase de Grupos,Modern Era,3,1,0,2,2,3,0.3333333333333333,-1,0.6666666666666666,1.0,0
Croatia,2006,Fase de Grupos,Contemporary Era,3,0,2,1,2,3,0.0,-1,0.6666666666666666,1.0,0
Croatia,2014,Fase de Grupos,Contemporary Era,3,1,0,2,6,6,0.3333333333333333,0,2.0,2.0,0
Croatia,2018,Fase de Grupos,Contemporary Era,3,3,0,0,7,1,1.0,6,2.3333333333333335,0.3333333333333333,0
Croatia,2018,Final,Contemporary Era,1,0,0,1,2,4,0.0,-2,2.0,4.0,0
Croatia,2018,Oitavas de Final,Contemporary Era,1,1,0,0,1,1,1.0,0,1.0,1.0,0
Croatia,2018,Quartas de Final,Contemporary Era,1,1,0,0,2,2,1.0,0,2.0,2.0,0
Croatia,2018,Semi-finais,Contemporary Era,1,1,0,0,2,1,1.0,1,2.0,1.0,0
Croatia,2022,Fase de Grupos,Contemporary Era,3,1,2,0,4,1,0.3333333333333333,3,1.3333333333333333,0.3333333333333333,0
Croatia,2022,Oitavas de Final,Contemporary Era,1,1,0,0,1,1,1.0,0,1.0,1.0,0
Croatia,2022,Quartas de Final,Contemporary Era,1,1,0,0,1,1,1.0,0,1.0,1.0,0
Croatia,2022,Semi-finais,Contemporary Era,1,0,0,1,0,3,0.0,-3,0.0,3.0,0
Croatia,2022,Terceiro Lugar,Contemporary Era,1,1,0,0,2,1,1.0,1,2.0,1.0,0
Cuba,1938,Oitavas de Final,Classic Era,2,1,1,0,5,4,0.5,1,2.5,2.0,0
Cuba,1938,Quartas de Final,Classic Era,1,0,0,1,0,8,0.0,-8,0.0,8.0,0
Czech Republic,1934,Final,Classic Era,1,0,0,1,1,2,0.0,-1,1.0,2.0,0
Czech Republic,1934,Oitavas de Final,Classic Era,1,1,0,0,2,1,1.0,1,2.0,1.0,0
Czech Republic,1934,Quartas de Final,Classic Era,1,1,0,0,3,2,1.0,1,3.0,2.0,0
Czech Republic,1934,Semi-finais,Classic Era,1,1,0,0,3,1,1.0,2,3.0,1.0,0
Czech Republic,1938,Oitavas de Final,Classic Era,1,1,0,0,3,0,1.0,3,3.0,0.0,0
Czech Republic,1938,Quartas de Final,Classic Era,2,0,1,1,2,3,0.0,-1,1.0,1.5,0
Czech Republic,1954,Fase de Grupos,Classic Era,2,0,0,2,0,7,0.0,-7,0.0,3.5,0
Czech Republic,1958,Fase de Grupos,Classic Era,4,1,1,2,9,6,0.25,3,2.25,1.5,0
Czech Republic,1962,Fase de Grupos,Classic Era,3,1,1,1,2,3,0.3333333333333333,-1,0.6666666666666666,1.0,0
Czech Republic,1962,Final,Classic Era,1,0,0,1,1,3,0.0,-2,1.0,3.0,0
Czech Republic,1962,Quartas de Final,Classic Era,1,1,0,0,1,0,1.0,1,1.0,0.0,0
Czech Republic,1962,Semi-finais,Classic Era,1,1,0,0,3,1,1.0,2,3.0,1.0,0
Czech Republic,1970,Fase de Grupos,Classic Era,3,0,0,3,2,7,0.0,-5,0.6666666666666666,2.3333333333333335,0
Czech Republic,1982,Fase de Grupos,Modern Era,3,0,2,1,2,4,0.0,-2,0.6666666666666666,1.3333333333333333,0
Czech Republic,1990,Fase de Grupos,Modern Era,3,2,0,1,6,3,0.6666666666666666,3,2.0,1.0,0
Czech Republic,1990,Oitavas de Final,Modern Era,1,1,0,0,4,1,1.0,3,4.0,1.0,0
Czech Republic,1990,Quartas de Final,Modern Era,1,0,0,1,0,1,0.0,-1,0.0,1.0,0
Czech Republic,2006,Fase de Grupos,Contemporary Era,3,1,0,2,3,4,0.3333333333333333,-1,1.0,1.3333333333333333,0
Côte d'Ivoire,2006,Fase de Grupos,Contemporary Era,3,1,0,2,5,6,0.3333333333333333,-1,1.6666666666666667,2.0,0
Côte d'Ivoire,2010,Fase de Grupos,Contemporary Era,3,1,1,1,4,3,0.3333333333333333,1,1.3333333333333333,1.0,0
Côte d'Ivoire,2014,Fase de Grupos,Contemporary Era,3,1,0,2,4,5,0.3333333333333333,-1,1.3333333333333333,1.6666666666666667,0
Denmark,1986,Fase de Grupos,Modern Era,3,3,0,0,9,1,1.0,8,3.0,0.3333333333333333,0
Denmark,1986,Oitavas de Final,Modern Era,1,0,0,1,1,5,0.0,-4,1.0,5.0,0
Denmark,1998,Fase de Grupos,Modern Era,3,1,1,1,3,3,0.3333333333333333,0,1.0,1.0,0
Denmark,1998,Oitavas de Final,Modern Era,1,1,0,0,4,1,1.0,3,4.0,1.0,0
Denmark,1998,Quartas de Final,Modern Era,1,0,0,1,2,3,0.0,-1,2.0,3.0,0
Denmark,2002,Fase de Grupos,Modern Era,3,2,1,0,5,2,0.6666666666666666,3,1.6666666666666667,0.6666666666666666,0
Denmark,2002,Oitavas de Final,Modern Era,1,0,0,1,0,3,0.0,-3,0.0,3.0,0
Denmark,2010,Fase de Grupos,Contemporary Era,3,1,0,2,3,6,0.3333333333333333,-3,1.0,2.0,0
Denmark,2018,Fase de Grupos,Contemporary Era,3,1,2,0,2,1,0.3333333333333333,1,0.6666666666666666,0.3333333333333333,0
Denmark,2018,Oitavas de Final,Contemporary Era,1,0,0,1,1,1,0.0,0,1.0,1.0,0
Denmark,2022,Fase de Grupos,Contemporary Era,3,0,1,2,1,3,0.0,-2,0.3333333333333333,1.0,0
Dutch East Indies,1938,Oitavas de Final,Classic Era,1,0,0,1,0,6,0.0,-6,0.0,6.0,0
Ecuador,2002,Fase de Grupos,Modern Era,3,1,0,2,2,4,0.3333333333333333,-2,0.6666666666666666,1.3333333333333333,0
Ecuador,2006,Fase de Grupos,Contemporary Era,3,2,0,1,5,3,0.6666666666666666,2,1.6666666666666667,1.0,0
Ecuador,2006,Oitavas de Final,Contemporary Era,1,0,0,1,0,1,0.0,-1,0.0,1.0,0
Ecuador,2014,Fase de Grupos,Contemporary Era,3,1,1,1,3,3,0.3333333333333333,0,1.0,1.0,0
Ecuador,2022,Fase de Grupos,Contemporary Era,3,1,1,1,4,3,0.3333333333333333,1,1.3333333333333333,1.0,0
Egypt,1934,Oitavas de Final,Classic Era,1,0,0,1,2,4,0.0,-2,2.0,4.0,0
Egypt,1990,Fase de Grupos,Modern Era,3,0,2,1,1,2,0.0,-1,0.3333333333333333,0.6666666666666666,0
Egypt,2018,Fase de Grupos,Contemporary Era,3,0,0,3,2,6,0.0,-4,0.6666666666666666,2.0,0
El Salvador,1970,Fase de Grupos,Classic Era,3,0,0,3,0,9,0.0,-9,0.0,3.0,0
El Salvador,1982,Fase de Grupos,Modern Era,3,0,0,3,1,13,0.0,-12,0.3333333333333333,4.333333333333333,0
England,1950,Fase de Grupos,Classic Era,3,1,0,2,2,2,0.3333333333333333,0,0.6666666666666666,0.6666666666666666,0
England,1954,Fase de Grupos,Classic Era,2,1,1,0,6,4,0.5,2,3.0,2.0,0
England,1954,Quartas de Final,Classic Era,1,0,0,1,2,4,0.0,-2,2.0,4.0,0
England,1958,Fase de Grupos,Classic Era,4,0,3,1,4,5,0.0,-1,1.0,1.25,0
England,1962,Fase de Grupos,Classic Era,3,1,1,1,4,3,0.3333333333333333,1,1.3333333333333333,1.0,0
England,1962,Quartas de Final,Classic Era,1,0,0,1,1,3,0.0,-2,1.0,3.0,0
England,1966,Fase de Grupos,Classic Era,3,2,1,0,4,0,0.6666666666666666,4,1.3333333333333333,0.0,1
England,1966,Final,Classic Era,1,1,0,0,4,2,1.0,2,4.0,2.0,1
England,1966,Quartas de Final,Classic Era,1,1,0,0,1,0,1.0,1,1.0,0.0,1
England,1966,Semi-finais,Classic Era,1,1,0,0,2,1,1.0,1,2.0,1.0,1
England,1970,Fase de Grupos,Classic Era,3,2,0,1,2,1,0.6666666666666666,1,0.6666666666666666,0.3333333333333333,0
England,1970,Quartas de Final,Classic Era,1,0,0,1,2,3,0.0,-1,2.0,3.0,0
England,1982,Fase de Grupos,Modern Era,5,3,2,0,6,1,0.6,5,1.2,0.2,0
England,1986,Fase de Grupos,Modern Era,3,1,1,1,3,1,0.3333333333333333,2,1.0,0.3333333333333333,0
England,1986,Oitavas de Final,Modern Era,1,1,0,0,3,0,1.0,3,3.0,0.0,0
England,1986,Quartas de Final,Modern Era,1,0,0,1,1,2,0.0,-1,1.0,2.0,0
England,1990,Fase de Grupos,Modern Era,3,1,2,0,2,1,0.3333333333333333,1,0.6666666666666666,0.3333333333333333,0
England,1990,Oitavas de Final,Modern Era,1,1,0,0,1,0,1.0,1,1.0,0.0,0
England,1990,Quartas de Final,Modern Era,1,1,0,0,3,2,1.0,1,3.0,2.0,0
England,1990,Semi-finais,Modern Era,1,0,0,1,1,1,0.0,0,1.0,1.0,0
England,1990,Terceiro Lugar,Modern Era,1,0,0,1,1,2,0.0,-1,1.0,2.0,0
England,1998,Fase de Grupos,Modern Era,3,2,0,1,5,2,0.6666666666666666,3,1.6666666666666667,0.6666666666666666,0
England,1998,Oitavas de Final,Modern Era,1,0,0,1,2,2,0.0,0,2.0,2.0,0
England,2002,Fase de Grupos,Modern Era,3,1,2,0,2,1,0.3333333333333333,1,0.6666666666666666,0.3333333333333333,0
England,2002,Oitavas de Final,Modern Era,1,1,0,0,3,0,1.0,3,3.0,0.0,0
England,2002,Quartas de Final,Modern Era,1,0,0,1,1,2,0.0,-1,1.0,2.0,0
England,2006,Fase de Grupos,Contemporary Era,3,2,1,0,5,2,0.6666666666666666,3,1.6666666666666667,0.6666666666666666,0
England,2006,Oitavas de Final,Contemporary Era,1,1,0,0,1,0,1.0,1,1.0,0.0,0
England,2006,Quartas de Final,Contemporary Era,1,0,0,1,0,0,0.0,0,0.0,0.0,0
England,2010,Fase de Grupos,Contemporary Era,3,1,2,0,2,1,0.3333333333333333,1,0.6666666666666666,0.3333333333333333,0
England,2010,Oitavas de Final,Contemporary Era,1,0,0,1,1,4,0.0,-3,1.0,4.0,0
England,2014,Fase de Grupos,Contemporary Era,3,0,1,2,2,4,0.0,-2,0.6666666666666666,1.3333333333333333,0
England,2018,Fase de Grupos,Contemporary Era,3,2,0,1,8,3,0.6666666666666666,5,2.6666666666666665,1.0,0
England,2018,Oitavas de Final,Contemporary Era,1,1,0,0,1,1,1.0,0,1.0,1.0,0
England,2018,Quartas de Final,Contemporary Era,1,1,0,0,2,0,1.0,2,2.0,0.0,0
England,2018,Semi-finais,Contemporary Era,1,0,0,1,1,2,0.0,-1,1.0,2.0,0
England,2018,Terceiro Lugar,Contemporary Era,1,0,0,1,0,2,0.0,-2,0.0,2.0,0
England,2022,Fase de Grupos,Contemporary Era,3,2,1,0,9,2,0.6666666666666666,7,3.0,0.6666666666666666,0
England,2022,Oitavas de Final,Contemporary Era,1,1,0,0,3,0,1.0,3,3.0,0.0,0
England,2022,Quartas de Final,Contemporary Era,1,0,0,1,1,2,0.0,-1,1.0,2.0,0
France,1930,Fase de Grupos,Classic Era,3,1,0,2,4,3,0.3333333333333333,1,1.3333333333333333,1.0,0
France,1934,Oitavas de Final,Classic Era,1,0,0,1,2,3,0.0,-1,2.0,3.0,0
France,1938,Oitavas de Final,Classic Era,1,1,0,0,3,1,1.0,2,3.0,1.0,0
France,1938,Quartas de Final,Classic Era,1,0,0,1,1,3,0.0,-2,1.0,3.0,0
France,1954,Fase de Grupos,Classic Era,2,1,0,1,3,3,0.5,0,1.5,1.5,0
France,1958,Fase de Grupos,Classic Era,3,2,0,1,11,7,0.6666666666666666,4,3.6666666666666665,2.3333333333333335,0
France,1958,Quartas de Final,Classic Era,1,1,0,0,4,0,1.0,4,4.0,0.0,0
France,1958,Semi-finais,Classic Era,1,0,0,1,2,5,0.0,-3,2.0,5.0,0
France,1958,Terceiro Lugar,Classic Era,1,1,0,0,6,3,1.0,3,6.0,3.0,0
France,1966,Fase de Grupos,Classic Era,3,0,1,2,2,5,0.0,-3,0.6666666666666666,1.6666666666666667,0
France,1978,Fase de Grupos,Modern Era,3,1,0,2,5,5,0.3333333333333333,0,1.6666666666666667,1.6666666666666667,0
France,1982,Fase de Grupos,Modern Era,5,3,1,1,11,6,0.6,5,2.2,1.2,0
France,1982,Semi-finais,Modern Era,1,0,0,1,3,3,0.0,0,3.0,3.0,0
France,1982,Terceiro Lugar,Modern Era,1,0,0,1,2,3,0.0,-1,2.0,3.0,0
France,1986,Fase de Grupos,Modern Era,3,2,1,0,5,1,0.6666666666666666,4,1.6666666666666667,0.3333333333333333,0
France,1986,Oitavas de Final,Modern Era,1,1,0,0,2,0,1.0,2,2.0,0.0,0
France,1986,Quartas de Final,Modern Era,1,1,0,0,1,1,1.0,0,1.0,1.0,0
France,1986,Semi-finais,Modern Era,1,0,0,1,0,2,0.0,-2,0.0,2.0,0
France,1986,Terceiro Lugar,Modern Era,1,1,0,0,4,2,1.0,2,4.0,2.0,0
France,1998,Fase de Grupos,Modern Era,3,3,0,0,9,1,1.0,8,3.0,0.3333333333333333,1
France,1998,Final,Modern Era,1,1,0,0,3,0,1.0,3,3.0,0.0,1
France,1998,Oitavas de Final,Modern Era,1,1,0,0,1,0,1.0,1,1.0,0.0,1
France,1998,Quartas de Final,Modern Era,1,1,0,0,0,0,1.0,0,0.0,0.0,1
France,1998,Semi-finais,Modern Era,1,1,0,0,2,1,1.0,1,2.0,1.0,1
France,2002,Fase de Grupos,Modern Era,3,0,1,2,0,3,0.0,-3,0.0,1.0,0
France,2006,Fase de Grupos,Contemporary Era,3,1,2,0,3,1,0.3333333333333333,2,1.0,0.3333333333333333,0
France,2006,Final,Contemporary Era,1,0,0,1,1,1,0.0,0,1.0,1.0,0
France,2006,Oitavas de Final,Contemporary Era,1,1,0,0,3,1,1.0,2,3.0,1.0,0
France,2006,Quartas de Final,Contemporary Era,1,1,0,0,1,0,1.0,1,1.0,0.0,0
France,2006,Semi-finais,Contemporary Era,1,1,0,0,1,0,1.0,1,1.0,0.0,0
France,2010,Fase de Grupos,Contemporary Era,3,0,1,2,1,4,0.0,-3,0.3333333333333333,1.3333333333333333,0
France,2014,Fase de Grupos,Contemporary Era,3,2,1,0,8,2,0.6666666666666666,6,2.6666666666666665,0.6666666666666666,0
France,2014,Oitavas de Final,Contemporary Era,1,1,0,0,2,0,1.0,2,2.0,0.0,0
France,2014,Quartas de Final,Contemporary Era,1,0,0,1,0,1,0.0,-1,0.0,1.0,0
France,2018,Fase de Grupos,Contemporary Era,3,2,1,0,3,1,0.6666666666666666,2,1.0,0.3333333333333333,1
France,2018,Final,Contemporary Era,1,1,0,0,4,2,1.0,2,4.0,2.0,1
France,2018,Oitavas de Final,Contemporary Era,1,1,0,0,4,3,1.0,1,4.0,3.0,1
France,2018,Quartas de Final,Contemporary Era,1,1,0,0,2,0,1.0,2,2.0,0.0,1
France,2018,Semi-finais,Contemporary Era,1,1,0,0,1,0,1.0,1,1.0,0.0,1
France,2022,Fase de Grupos,Contemporary Era,3,2,0,1,6,3,0.6666666666666666,3,2.0,1.0,0
France,2022,Final,Contemporary Era,1,0,0,1,3,3,0.0,0,3.0,3.0,0
France,2022,Oitavas de Final,Contemporary Era,1,1,0,0,3,1,1.0,2,3.0,1.0,0
France,2022,Quartas de Final,Contemporary Era,1,1,0,0,2,1,1.0,1,2.0,1.0,0
France,2022,Semi-finais,Contemporary Era,1,1,0,0,2,0,1.0,2,2.0,0.0,0
Germany,1934,Oitavas de Final,Classic Era,1,1,0,0,5,2,1.0,3,5.0,2.0,0
Germany,1934,Quartas de Final,Classic Era,1,1,0,0,2,1,1.0,1,2.0,1.0,0
Germany,1934,Semi-finais,Classic Era,1,0,0,1,1,3,0.0,-2,1.0,3.0,0
Germany,1934,Terceiro Lugar,Classic Era,1,1,0,0,3,2,1.0,1,3.0,2.0,0
Germany,1938,Oitavas de Final,Classic Era,2,0,1,1,3,5,0.0,-2,1.5,2.5,0
Germany,1954,Fase de Grupos,Classic Era,3,2,0,1,14,11,0.6666666666666666,3,4.666666666666667,3.6666666666666665,1
Germany,1954,Final,Classic Era,1,1,0,0,3,2,1.0,1,3.0,2.0,1
Germany,1954,Quartas de Final,Classic Era,1,1,0,0,2,0,1.0,2,2.0,0.0,1
Germany,1954,Semi-finais,Classic Era,1,1,0,0,6,1,1.0,5,6.0,1.0,1
Germany,1958,Fase de Grupos,Classic Era,3,1,2,0,7,5,0.3333333333333333,2,2.3333333333333335,1.6666666666666667,0
Germany,1958,Quartas de Final,Classic Era,1,1,0,0,1,0,1.0,1,1.0,0.0,0
Germany,1958,Semi-finais,Classic Era,1,0,0,1,1,3,0.0,-2,1.0,3.0,0
Germany,1958,Terceiro Lugar,Classic Era,1,0,0,1,3,6,0.0,-3,3.0,6.0,0
Germany,1962,Fase de Grupos,Classic Era,3,2,1,0,4,1,0.6666666666666666,3,1.3333333333333333,0.3333333333333333,0
Germany,1962,Quartas de Final,Classic Era,1,0,0,1,0,1,0.0,-1,0.0,1.0,0
Germany,1966,Fase de Grupos,Classic Era,3,2,1,0,7,1,0.6666666666666666,6,2.3333333333333335,0.3333333333333333,0
Germany,1966,Final,Classic Era,1,0,0,1,2,4,0.0,-2,2.0,4.0,0
Germany,1966,Quartas de Final,Classic Era,1,1,0,0,4,0,1.0,4,4.0,0.0,0
Germany,1966,Semi-finais,Classic Era,1,1,0,0,2,1,1.0,1,2.0,1.0,0
Germany,1970,Fase de Grupos,Classic Era,3,3,0,0,10,4,1.0,6,3.3333333333333335,1.3333333333333333,0
Germany,1970,Quartas de Final,Classic Era,1,1,0,0,3,2,1.0,1,3.0,2.0,0
Germany,1970,Semi-finais,Classic Era,1,0,0,1,3,4,0.0,-1,3.0,4.0,0
Germany,1970,Terceiro Lugar,Classic Era,1,1,0,0,1,0,1.0,1,1.0,0.0,0
Germany,1974,Fase de Grupos,Modern Era,6,5,0,1,11,3,0.8333333333333334,8,1.8333333333333333,0.5,1
Germany,1974,Final,Modern Era,1,1,0,0,2,1,1.0,1,2.0,1.0,1
Germany,1978,Fase de Grupos,Modern Era,6,1,4,1,10,5,0.16666666666666666,5,1.6666666666666667,0.8333333333333334,0
Germany,1982,Fase de Grupos,Modern Era,5,3,1,1,8,4,0.6,4,1.6,0.8,0
Germany,1982,Final,Modern Era,1,0,0,1,1,3,0.0,-2,1.0,3.0,0
Germany,1982,Semi-finais,Modern Era,1,1,0,0,3,3,1.0,0,3.0,3.0,0
Germany,1986,Fase de Grupos,Modern Era,3,1,1,1,3,4,0.3333333333333333,-1,1.0,1.3333333333333333,0
Germany,1986,Final,Modern Era,1,0,0,1,2,3,0.0,-1,2.0,3.0,0
Germany,1986,Oitavas de Final,Modern Era,1,1,0,0,1,0,1.0,1,1.0,0.0,0
Germany,1986,Quartas de Final,Modern Era,1,1,0,0,0,0,1.0,0,0.0,0.0,0
Germany,1986,Semi-finais,Modern Era,1,1,0,0,2,0,1.0,2,2.0,0.0,0
Germany,1990,Fase de Grupos,Modern Era,3,2,1,0,10,3,0.6666666666666666,7,3.3333333333333335,1.0,1
Germany,1990,Final,Modern Era,1,1,0,0,1,0,1.0,1,1.0,0.0,1
Germany,1990,Oitavas de Final,Modern Era,1,1,0,0,2,1,1.0,1,2.0,1.0,1
Germany,1990,Quartas de Final,Modern Era,1,1,0,0,1,0,1.0,1,1.0,0.0,1
Germany,1990,Semi-finais,Modern Era,1,1,0,0,1,1,1.0,0,1.0,1.0,1
Germany,1994,Fase de Grupos,Modern Era,3,2,1,0,5,3,0.6666666666666666,2,1.6666666666666667,1.0,0
Germany,1994,Oitavas de Final,Modern Era,1,1,0,0,3,2,1.0,1,3.0,2.0,0
Germany,1994,Quartas de Final,Modern Era,1,0,0,1,1,2,0.0,-1,1.0,2.0,0
Germany,1998,Fase de Grupos,Modern Era,3,2,1,0,6,2,0.6666666666666666,4,2.0,0.6666666666666666,0
Germany,1998,Oitavas de Final,Modern Era,1,1,0,0,2,1,1.0,1,2.0,1.0,0
Germany,1998,Quartas de Final,Modern Era,1,0,0,1,0,3,0.0,-3,0.0,3.0,0
Germany,2002,Fase de Grupos,Modern Era,3,2,1,0,11,1,0.6666666666666666,10,3.6666666666666665,0.3333333333333333,0
Germany,2002,Final,Modern Era,1,0,0,1,0,2,0.0,-2,0.0,2.0,0
Germany,2002,Oitavas de Final,Modern Era,1,1,0,0,1,0,1.0,1,1.0,0.0,0
Germany,2002,Quartas de Final,Modern Era,1,1,0,0,1,0,1.0,1,1.0,0.0,0
Germany,2002,Semi-finais,Modern Era,1,1,0,0,1,0,1.0,1,1.0,0.0,0
Germany,2006,Fase de Grupos,Contemporary Era,3,3,0,0,8,2,1.0,6,2.6666666666666665,0.6666666666666666,0
Germany,2006,Oitavas de Final,Contemporary Era,1,1,0,0,2,0,1.0,2,2.0,0.0,0
Germany,2006,Quartas de Final,Contemporary Era,1,1,0,0,1,1,1.0,0,1.0,1.0,0
Germany,2006,Semi-finais,Contemporary Era,1,0,0,1,0,2,0.0,-2,0.0,2.0,0
Germany,2006,Terceiro Lugar,Contemporary Era,1,1,0,0,3,1,1.0,2,3.0,1.0,0
Germany,2010,Fase de Grupos,Contemporary Era,3,2,0,1,5,1,0.6666666666666666,4,1.6666666666666667,0.3333333333333333,0
Germany,2010,Oitavas de Final,Contemporary Era,1,1,0,0,4,1,1.0,3,4.0,1.0,0
Germany,2010,Quartas de Final,Contemporary Era,1,1,0,0,4,0,1.0,4,4.0,0.0,0
Germany,2010,Semi-finais,Contemporary Era,1,0,0,1,0,1,0.0,-1,0.0,1.0,0
Germany,2010,Terceiro Lugar,Contemporary Era,1,1,0,0,3,2,1.0,1,3.0,2.0,0
Germany,2014,Fase de Grupos,Contemporary Era,3,2,1,0,7,2,0.6666666666666666,5,2.3333333333333335,0.6666666666666666,1
Germany,2014,Final,Contemporary Era,1,1,0,0,1,0,1.0,1,1.0,0.0,1
Germany,2014,Oitavas de Final,Contemporary Era,1,1,0,0,2,1,1.0,1,2.0,1.0,1
Germany,2014,Quartas de Final,Contemporary Era,1,1,0,0,1,0,1.0,1,1.0,0.0,1
Germany,2014,Semi-finais,Contemporary Era,1,1,0,0,7,1,1.0,6,7.0,1.0,1
Germany,2018,Fase de Grupos,Contemporary Era,3,1,0,2,2,4,0.3333333333333333,-2,0.6666666666666666,1.3333333333333333,0
Germany,2022,Fase de Grupos,Contemporary Era,3,1,1,1,6,5,0.3333333333333333,1,2.0,1.6666666666666667,0
Germany DR,1974,Fase de Grupos,Modern Era,6,2,2,2,5,5,0.3333333333333333,0,0.8333333333333334,0.8333333333333334,0
Ghana,2006,Fase de Grupos,Contemporary Era,3,2,0,1,4,3,0.6666666666666666,1,1.3333333333333333,1.0,0
Ghana,2006,Oitavas de Final,Contemporary Era,1,0,0,1,0,3,0.0,-3,0.0,3.0,0
Ghana,2010,Fase de Grupos,Contemporary Era,3,1,1,1,2,2,0.3333333333333333,0,0.6666666666666666,0.6666666666666666,0
Ghana,2010,Oitavas de Final,Contemporary Era,1,1,0,0,2,1,1.0,1,2.0,1.0,0
Ghana,2010,Quartas de Final,Contemporary Era,1,0,0,1,1,1,0.0,0,1.0,1.0,0
Ghana,2014,Fase de Grupos,Contemporary Era,3,0,1,2,4,6,0.0,-2,1.3333333333333333,2.0,0
Ghana,2022,Fase de Grupos,Contemporary Era,3,1,0,2,5,7,0.3333333333333333,-2,1.6666666666666667,2.3333333333333335,0
Greece,1994,Fase de Grupos,Modern Era,3,0,0,3,0,10,0.0,-10,0.0,3.3333333333333335,0
Greece,2010,Fase de Grupos,Contemporary Era,3,1,0,2,2,5,0.3333333333333333,-3,0.6666666666666666,1.6666666666666667,0
Greece,2014,Fase de Grupos,Contemporary Era,3,1,1,1,2,4,0.3333333333333333,-2,0.6666666666666666,1.3333333333333333,0
Greece,2014,Oitavas de Final,Contemporary Era,1,0,0,1,1,1,0.0,0,1.0,1.0,0
Haiti,1974,Fase de Grupos,Modern Era,3,0,0,3,2,14,0.0,-12,0.6666666666666666,4.666666666666667,0
Honduras,1982,Fase de Grupos,Modern Era,3,0,2,1,2,3,0.0,-1,0.6666666666666666,1.0,0
Honduras,2010,Fase de Grupos,Contemporary Era,3,0,1,2,0,3,0.0,-3,0.0,1.0,0
Honduras,2014,Fase de Grupos,Contemporary Era,3,0,0,3,1,8,0.0,-7,0.3333333333333333,2.6666666666666665,0
Hungary,1934,Oitavas de Final,Classic Era,1,1,0,0,4,2,1.0,2,4.0,2.0,0
Hungary,1934,Quartas de Final,Classic Era,1,0,0,1,1,2,0.0,-1,1.0,2.0,0
Hungary,1938,Final,Classic Era,1,0,0,1,2,4,0.0,-2,2.0,4.0,0
Hungary,1938,Oitavas de Final,Classic Era,1,1,0,0,6,0,1.0,6,6.0,0.0,0
Hungary,1938,Quartas de Final,Classic Era,1,1,0,0,2,0,1.0,2,2.0,0.0,0
Hungary,1938,Semi-finais,Classic Era,1,1,0,0,5,1,1.0,4,5.0,1.0,0
Hungary,1954,Fase de Grupos,Classic Era,2,2,0,0,17,3,1.0,14,8.5,1.5,0
Hungary,1954,Final,Classic Era,1,0,0,1,2,3,0.0,-1,2.0,3.0,0
Hungary,1954,Quartas de Final,Classic Era,1,1,0,0,4,2,1.0,2,4.0,2.0,0
Hungary,1954,Semi-finais,Classic Era,1,1,0,0,4,2,1.0,2,4.0,2.0,0
Hungary,1958,Fase de Grupos,Classic Era,4,1,1,2,7,5,0.25,2,1.75,1.25,0
Hungary,1962,Fase de Grupos,Classic Era,3,2,1,0,8,2,0.6666666666666666,6,2.6666666666666665,0.6666666666666666,0
Hungary,1962,Quartas de Final,Classic Era,1,0,0,1,0,1,0.0,-1,0.0,1.0,0
Hungary,1966,Fase de Grupos,Classic Era,3,2,0,1,7,5,0.6666666666666666,2,2.3333333333333335,1.6666666666666667,0
Hungary,1966,Quartas de Final,Classic Era,1,0,0,1,1,2,0.0,-1,1.0,2.0,0
Hungary,1978,Fase de Grupos,Modern Era,3,0,0,3,3,8,0.0,-5,1.0,2.6666666666666665,0
Hungary,1982,Fase de Grupos,Modern Era,3,1,1,1,12,6,0.3333333333333333,6,4.0,2.0,0
Hungary,1986,Fase de Grupos,Modern Era,3,1,0,2,2,9,0.3333333333333333,-7,0.6666666666666666,3.0,0
IR Iran,1978,Fase de Grupos,Modern Era,3,0,1,2,2,8,0.0,-6,0.6666666666666666,2.6666666666666665,0
IR Iran,1998,Fase de Grupos,Modern Era,3,1,0,2,2,4,0.3333333333333333,-2,0.6666666666666666,1.3333333333333333,0
IR Iran,2006,Fase de Grupos,Contemporary Era,3,0,1,2,2,6,0.0,-4,0.6666666666666666,2.0,0
IR Iran,2014,Fase de Grupos,Contemporary Era,3,0,1,2,1,4,0.0,-3,0.3333333333333333,1.3333333333333333,0
IR Iran,2018,Fase de Grupos,Contemporary Era,3,1,1,1,2,2,0.3333333333333333,0,0.6666666666666666,0.6666666666666666,0
IR Iran,2022,Fase de Grupos,Contemporary Era,3,1,0,2,4,7,0.3333333333333333,-3,1.3333333333333333,2.3333333333333335,0
Iceland,2018,Fase de Grupos,Contemporary Era,3,0,1,2,2,5,0.0,-3,0.6666666666666666,1.6666666666666667,0
Iraq,1986,Fase de Grupos,Modern Era,3,0,0,3,1,4,0.0,-3,0.3333333333333333,1.3333333333333333,0
Israel,1970,Fase de Grupos,Classic Era,3,0,2,1,1,3,0.0,-2,0.3333333333333333,1.0,0
Italy,1934,Final,Classic Era,1,1,0,0,2,1,1.0,1,2.0,1.0,1
Italy,1934,Oitavas de Final,Classic Era,1,1,0,0,7,1,1.0,6,7.0,1.0,1
Italy,1934,Quartas de Final,Classic Era,2,1,1,0,2,1,0.5,1,1.0,0.5,1
Italy,1934,Semi-finais,Classic Era,1,1,0,0,1,0,1.0,1,1.0,0.0,1
Italy,1938,Final,Classic Era,1,1,0,0,4,2,1.0,2,4.0,2.0,1
Italy,1938,Oitavas de Final,Classic Era,1,1,0,0,2,1,1.0,1,2.0,1.0,1
Italy,1938,Quartas de Final,Classic Era,1,1,0,0,3,1,1.0,2,3.0,1.0,1
Italy,1938,Semi-finais,Classic Era,1,1,0,0,2,1,1.0,1,2.0,1.0,1
Italy,1950,Fase de Grupos,Classic Era,2,1,0,1,4,3,0.5,1,2.0,1.5,0
Italy,1954,Fase de Grupos,Classic Era,3,1,0,2,6,7,0.3333333333333333,-1,2.0,2.3333333333333335,0
Italy,1962,Fase de Grupos,Classic Era,3,1,1,1,3,2,0.3333333333333333,1,1.0,0.6666666666666666,0
Italy,1966,Fase de Grupos,Classic Era,3,1,0,2,2,2,0.3333333333333333,0,0.6666666666666666,0.6666666666666666,0
Italy,1970,Fase de Grupos,Classic Era,3,1,2,0,1,0,0.3333333333333333,1,0.3333333333333333,0.0,0
Italy,1970,Final,Classic Era,1,0,0,1,1,4,0.0,-3,1.0,4.0,0
Italy,1970,Quartas de Final,Classic Era,1,1,0,0,4,1,1.0,3,4.0,1.0,0
Italy,1970,Semi-finais,Classic Era,1,1,0,0,4,3,1.0,1,4.0,3.0,0
Italy,1974,Fase de Grupos,Modern Era,3,1,1,1,5,4,0.3333333333333333,1,1.6666666666666667,1.3333333333333333,0
Italy,1978,Fase de Grupos,Modern Era,6,4,1,1,8,4,0.6666666666666666,4,1.3333333333333333,0.6666666666666666,0
Italy,1978,Terceiro Lugar,Modern Era,1,0,0,1,1,2,0.0,-1,1.0,2.0,0
Italy,1982,Fase de Grupos,Modern Era,5,2,3,0,7,5,0.4,2,1.4,1.0,1
Italy,1982,Final,Modern Era,1,1,0,0,3,1,1.0,2,3.0,1.0,1
Italy,1982,Semi-finais,Modern Era,1,1,0,0,2,0,1.0,2,2.0,0.0,1
Italy,1986,Fase de Grupos,Modern Era,3,1,2,0,5,4,0.3333333333333333,1,1.6666666666666667,1.3333333333333333,0
Italy,1986,Oitavas de Final,Modern Era,1,0,0,1,0,2,0.0,-2,0.0,2.0,0
Italy,1990,Fase de Grupos,Modern Era,3,3,0,0,4,0,1.0,4,1.3333333333333333,0.0,0
Italy,1990,Oitavas de Final,Modern Era,1,1,0,0,2,0,1.0,2,2.0,0.0,0
Italy,1990,Quartas de Final,Modern Era,1,1,0,0,1,0,1.0,1,1.0,0.0,0
Italy,1990,Semi-finais,Modern Era,1,0,0,1,1,1,0.0,0,1.0,1.0,0
Italy,1990,Terceiro Lugar,Modern Era,1,1,0,0,2,1,1.0,1,2.0,1.0,0
Italy,1994,Fase de Grupos,Modern Era,3,1,1,1,2,2,0.3333333333333333,0,0.6666666666666666,0.6666666666666666,0
Italy,1994,Final,Modern Era,1,0,0,1,0,0,0.0,0,0.0,0.0,0
Italy,1994,Oitavas de Final,Modern Era,1,1,0,0,2,1,1.0,1,2.0,1.0,0
Italy,1994,Quartas de Final,Modern Era,1,1,0,0,2,1,1.0,1,2.0,1.0,0
Italy,1994,Semi-finais,Modern Era,1,1,0,0,2,1,1.0,1,2.0,1.0,0
Italy,1998,Fase de Grupos,Modern Era,3,2,1,0,7,3,0.6666666666666666,4,2.3333333333333335,1.0,0
Italy,1998,Oitavas de Final,Modern Era,1,1,0,0,1,0,1.0,1,1.0,0.0,0
Italy,1998,Quartas de Final,Modern Era,1,0,0,1,0,0,0.0,0,0.0,0.0,0
Italy,2002,Fase de Grupos,Modern Era,3,1,1,1,4,3,0.3333333333333333,1,1.3333333333333333,1.0,0
Italy,2002,Oitavas de Final,Modern Era,1,0,0,1,1,2,0.0,-1,1.0,2.0,0
Italy,2006,Fase de Grupos,Contemporary Era,3,2,1,0,5,1,0.6666666666666666,4,1.6666666666666667,0.3333333333333333,1
Italy,2006,Final,Contemporary Era,1,1,0,0,1,1,1.0,0,1.0,1.0,1
Italy,2006,Oitavas de Final,Contemporary Era,1,1,0,0,1,0,1.0,1,1.0,0.0,1
Italy,2006,Quartas de Final,Contemporary Era,1,1,0,0,3,0,1.0,3,3.0,0.0,1
Italy,2006,Semi-finais,Contemporary Era,1,1,0,0,2,0,1.0,2,2.0,0.0,1
Italy,2010,Fase de Grupos,Contemporary Era,3,0,2,1,4,5,0.0,-1,1.3333333333333333,1.6666666666666667,0
Italy,2014,Fase de Grupos,Contemporary Era,3,1,0,2,2,3,0.3333333333333333,-1,0.6666666666666666,1.0,0
Jamaica,1998,Fase de Grupos,Modern Era,3,1,0,2,3,9,0.3333333333333333,-6,1.0,3.0,0
Japan,1998,Fase de Grupos,Modern Era,3,0,0,3,1,4,0.0,-3,0.3333333333333333,1.3333333333333333,0
Japan,2002,Fase de Grupos,Modern Era,3,2,1,0,5,2,0.6666666666666666,3,1.6666666666666667,0.6666666666666666,0
Japan,2002,Oitavas de Final,Modern Era,1,0,0,1,0,1,0.0,-1,0.0,1.0,0
Japan,2006,Fase de Grupos,Contemporary Era,3,0,1,2,2,7,0.0,-5,0.6666666666666666,2.3333333333333335,0
Japan,2010,Fase de Grupos,Contemporary Era,3,2,0,1,4,2,0.6666666666666666,2,1.3333333333333333,0.6666666666666666,0
Japan,2010,Oitavas de Final,Contemporary Era,1,0,0,1,0,0,0.0,0,0.0,0.0,0
Japan,2014,Fase de Grupos,Contemporary Era,3,0,1,2,2,6,0.0,-4,0.6666666666666666,2.0,0
Japan,2018,Fase de Grupos,Contemporary Era,3,1,1,1,4,4,0.3333333333333333,0,1.3333333333333333,1.3333333333333333,0
Japan,2018,Oitavas de Final,Contemporary Era,1,0,0,1,2,3,0.0,-1,2.0,3.0,0
Japan,2022,Fase de Grupos,Contemporary Era,3,2,0,1,4,3,0.6666666666666666,1,1.3333333333333333,1.0,0
Japan,2022,Oitavas de Final,Contemporary Era,1,0,0,1,1,1,0.0,0,1.0,1.0,0
Korea DPR,1966,Fase de Grupos,Classic Era,3,1,1,1,2,4,0.3333333333333333,-2,0.6666666666666666,1.3333333333333333,0
Korea DPR,1966,Quartas de Final,Classic Era,1,0,0,1,3,5,0.0,-2,3.0,5.0,0
Korea DPR,2010,Fase de Grupos,Contemporary Era,3,0,0,3,1,12,0.0,-11,0.3333333333333333,4.0,0
Korea Republic,1954,Fase de Grupos,Classic Era,2,0,0,2,0,16,0.0,-16,0.0,8.0,0
Korea Republic,1986,Fase de Grupos,Modern Era,3,0,1,2,4,7,0.0,-3,1.3333333333333333,2.3333333333333335,0
Korea Republic,1990,Fase de Grupos,Modern Era,3,0,0,3,1,6,0.0,-5,0.3333333333333333,2.0,0
Korea Republic,1994,Fase de Grupos,Modern Era,3,0,2,1,4,5,0.0,-1,1.3333333333333333,1.6666666666666667,0
Korea Republic,1998,Fase de Grupos,Modern Era,3,0,1,2,2,9,0.0,-7,0.6666666666666666,3.0,0
Korea Republic,2002,Fase de Grupos,Modern Era,3,2,1,0,4,1,0.6666666666666666,3,1.3333333333333333,0.3333333333333333,0
Korea Republic,2002,Oitavas de Final,Modern Era,1,1,0,0,2,1,1.0,1,2.0,1.0,0
Korea Republic,2002,Quartas de Final,Modern Era,1,1,0,0,0,0,1.0,0,0.0,0.0,0
Korea Republic,2002,Semi-finais,Modern Era,1,0,0,1,0,1,0.0,-1,0.0,1.0,0
Korea Republic,2002,Terceiro Lugar,Modern Era,1,0,0,1,2,3,0.0,-1,2.0,3.0,0
Korea Republic,2006,Fase de Grupos,Contemporary Era,3,1,1,1,3,4,0.3333333333333333,-1,1.0,1.3333333333333333,0
Korea Republic,2010,Fase de Grupos,Contemporary Era,3,1,1,1,5,6,0.3333333333333333,-1,1.6666666666666667,2.0,0
Korea Republic,2010,Oitavas de Final,Contemporary Era,1,0,0,1,1,2,0.0,-1,1.0,2.0,0
Korea Republic,2014,Fase de Grupos,Contemporary Era,3,0,1,2,3,6,0.0,-3,1.0,2.0,0
Korea Republic,2018,Fase de Grupos,Contemporary Era,3,1,0,2,3,3,0.3333333333333333,0,1.0,1.0,0
Korea Republic,2022,Fase de Grupos,Contemporary Era,3,1,1,1,4,4,0.3333333333333333,0,1.3333333333333333,1.3333333333333333,0
Korea Republic,2022,Oitavas de Final,Contemporary Era,1,0,0,1,1,4,0.0,-3,1.0,4.0,0
Kuwait,1982,Fase de Grupos,Modern Era,3,0,1,2,2,6,0.0,-4,0.6666666666666666,2.0,0
Mexico,1930,Fase de Grupos,Classic Era,3,0,0,3,4,13,0.0,-9,1.3333333333333333,4.333333333333333,0
Mexico,1950,Fase de Grupos,Classic Era,3,0,0,3,2,10,0.0,-8,0.6666666666666666,3.3333333333333335,0
Mexico,1954,Fase de Grupos,Classic Era,2,0,0,2,2,8,0.0,-6,1.0,4.0,0
Mexico,1958,Fase de Grupos,Classic Era,3,0,1,2,1,8,0.0,-7,0.3333333333333333,2.6666666666666665,0
Mexico,1962,Fase de Grupos,Classic Era,3,1,0,2,3,4,0.3333333333333333,-1,1.0,1.3333333333333333,0
Mexico,1966,Fase de Grupos,Classic Era,3,0,2,1,1,3,0.0,-2,0.3333333333333333,1.0,0
Mexico,1970,Fase de Grupos,Classic Era,3,2,1,0,5,0,0.6666666666666666,5,1.6666666666666667,0.0,0
Mexico,1970,Quartas de Final,Classic Era,1,0,0,1,1,4,0.0,-3,1.0,4.0,0
Mexico,1978,Fase de Grupos,Modern Era,3,0,0,3,2,12,0.0,-10,0.6666666666666666,4.0,0
Mexico,1986,Fase de Grupos,Modern Era,3,2,1,0,4,2,0.6666666666666666,2,1.3333333333333333,0.6666666666666666,0
Mexico,1986,Oitavas de Final,Modern Era,1,1,0,0,2,0,1.0,2,2.0,0.0,0
Mexico,1986,Quartas de Final,Modern Era,1,0,0,1,0,0,0.0,0,0.0,0.0,0
Mexico,1994,Fase de Grupos,Modern Era,3,1,1,1,3,3,0.3333333333333333,0,1.0,1.0,0
Mexico,1994,Oitavas de Final,Modern Era,1,0,0,1,1,1,0.0,0,1.0,1.0,0
Mexico,1998,Fase de Grupos,Modern Era,3,1,2,0,7,5,0.3333333333333333,2,2.3333333333333335,1.6666666666666667,0
Mexico,1998,Oitavas de Final,Modern Era,1,0,0,1,1,2,0.0,-1,1.0,2.0,0
Mexico,2002,Fase de Grupos,Modern Era,3,2,1,0,4,2,0.6666666666666666,2,1.3333333333333333,0.6666666666666666,0
Mexico,2002,Oitavas de Final,Modern Era,1,0,0,1,0,2,0.0,-2,0.0,2.0,0
Mexico,2006,Fase de Grupos,Contemporary Era,3,1,1,1,4,3,0.3333333333333333,1,1.3333333333333333,1.0,0
Mexico,2006,Oitavas de Final,Contemporary Era,1,0,0,1,1,2,0.0,-1,1.0,2.0,0
Mexico,2010,Fase de Grupos,Contemporary Era,3,1,1,1,3,2,0.3333333333333333,1,1.0,0.6666666666666666,0
Mexico,2010,Oitavas de Final,Contemporary Era,1,0,0,1,1,3,0.0,-2,1.0,3.0,0
Mexico,2014,Fase de Grupos,Contemporary Era,3,2,1,0,4,1,0.6666666666666666,3,1.3333333333333333,0.3333333333333333,0
Mexico,2014,Oitavas de Final,Contemporary Era,1,0,0,1,1,2,0.0,-1,1.0,2.0,0
Mexico,2018,Fase de Grupos,Contemporary Era,3,2,0,1,3,4,0.6666666666666666,-1,1.0,1.3333333333333333,0
Mexico,2018,Oitavas de Final,Contemporary Era,1,0,0,1,0,2,0.0,-2,0.0,2.0,0
Mexico,2022,Fase de Grupos,Contemporary Era,3,1,1,1,2,3,0.3333333333333333,-1,0.6666666666666666,1.0,0
Morocco,1970,Fase de Grupos,Classic Era,3,0,1,2,2,6,0.0,-4,0.6666666666666666,2.0,0
Morocco,1986,Fase de Grupos,Modern Era,3,1,2,0,3,1,0.3333333333333333,2,1.0,0.3333333333333333,0
Morocco,1986,Oitavas de Final,Modern Era,1,0,0,1,0,1,0.0,-1,0.0,1.0,0
Morocco,1994,Fase de Grupos,Modern Era,3,0,0,3,2,5,0.0,-3,0.6666666666666666,1.6666666666666667,0
Morocco,1998,Fase de Grupos,Modern Era,3,1,1,1,5,5,0.3333333333333333,0,1.6666666666666667,1.6666666666666667,0
Morocco,2018,Fase de Grupos,Contemporary Era,3,0,1,2,2,4,0.0,-2,0.6666666666666666,1.3333333333333333,0
Morocco,2022,Fase de Grupos,Contemporary Era,3,2,1,0,4,1,0.6666666666666666,3,1.3333333333333333,0.3333333333333333,0
Morocco,2022,Oitavas de Final,Contemporary Era,1,1,0,0,0,0,1.0,0,0.0,0.0,0
Morocco,2022,Quartas de Final,Contemporary Era,1,1,0,0,1,0,1.0,1,1.0,0.0,0
Morocco,2022,Semi-finais,Contemporary Era,1,0,0,1,0,2,0.0,-2,0.0,2.0,0
Morocco,2022,Terceiro Lugar,Contemporary Era,1,0,0,1,1,2,0.0,-1,1.0,2.0,0
Netherlands,1934,Oitavas de Final,Classic Era,1,0,0,1,2,3,0.0,-1,2.0,3.0,0
Netherlands,1938,Oitavas de Final,Classic Era,1,0,0,1,0,3,0.0,-3,0.0,3.0,0
Netherlands,1974,Fase de Grupos,Modern Era,6,5,1,0,14,1,0.8333333333333334,13,2.3333333333333335,0.16666666666666666,0
Netherlands,1974,Final,Modern Era,1,0,0,1,1,2,0.0,-1,1.0,2.0,0
Netherlands,1978,Fase de Grupos,Modern Era,6,3,2,1,14,7,0.5,7,2.3333333333333335,1.1666666666666667,0
Netherlands,1978,Final,Modern Era,1,0,0,1,1,3,0.0,-2,1.0,3.0,0
Netherlands,1990,Fase de Grupos,Modern Era,3,0,3,0,2,2,0.0,0,0.6666666666666666,0.6666666666666666,0
Netherlands,1990,Oitavas de Final,Modern Era,1,0,0,1,1,2,0.0,-1,1.0,2.0,0
Netherlands,1994,Fase de Grupos,Modern Era,3,2,0,1,4,3,0.6666666666666666,1,1.3333333333333333,1.0,0
Netherlands,1994,Oitavas de Final,Modern Era,1,1,0,0,2,0,1.0,2,2.0,0.0,0
Netherlands,1994,Quartas de Final,Modern Era,1,0,0,1,2,3,0.0,-1,2.0,3.0,0
Netherlands,1998,Fase de Grupos,Modern Era,3,1,2,0,7,2,0.3333333333333333,5,2.3333333333333335,0.6666666666666666,0
Netherlands,1998,Oitavas de Final,Modern Era,1,1,0,0,2,1,1.0,1,2.0,1.0,0
Netherlands,1998,Quartas de Final,Modern Era,1,1,0,0,2,1,1.0,1,2.0,1.0,0
Netherlands,1998,Semi-finais,Modern Era,1,0,0,1,1,1,0.0,0,1.0,1.0,0
Netherlands,1998,Terceiro Lugar,Modern Era,1,0,0,1,1,2,0.0,-1,1.0,2.0,0
Netherlands,2006,Fase de Grupos,Contemporary Era,3,2,1,0,3,1,0.6666666666666666,2,1.0,0.3333333333333333,0
Netherlands,2006,Oitavas de Final,Contemporary Era,1,0,0,1,0,1,0.0,-1,0.0,1.0,0
Netherlands,2010,Fase de Grupos,Contemporary Era,3,3,0,0,5,1,1.0,4,1.6666666666666667,0.3333333333333333,0
Netherlands,2010,Final,Contemporary Era,1,0,0,1,0,1,0.0,-1,0.0,1.0,0
Netherlands,2010,Oitavas de Final,Contemporary Era,1,1,0,0,2,1,1.0,1,2.0,1.0,0
Netherlands,2010,Quartas de Final,Contemporary Era,1,1,0,0,2,1,1.0,1,2.0,1.0,0
Netherlands,2010,Semi-finais,Contemporary Era,1,1,0,0,3,2,1.0,1,3.0,2.0,0
Netherlands,2014,Fase de Grupos,Contemporary Era,3,3,0,0,10,3,1.0,7,3.3333333333333335,1.0,0
Netherlands,2014,Oitavas de Final,Contemporary Era,1,1,0,0,2,1,1.0,1,2.0,1.0,0
Netherlands,2014,Quartas de Final,Contemporary Era,1,1,0,0,0,0,1.0,0,0.0,0.0,0
Netherlands,2014,Semi-finais,Contemporary Era,1,0,0,1,0,0,0.0,0,0.0,0.0,0
Netherlands,2014,Terceiro Lugar,Contemporary Era,1,1,0,0,3,0,1.0,3,3.0,0.0,0
Netherlands,2022,Fase de Grupos,Contemporary Era,3,2,1,0,5,1,0.6666666666666666,4,1.6666666666666667,0.3333333333333333,0
Netherlands,2022,Oitavas de Final,Contemporary Era,1,1,0,0,3,1,1.0,2,3.0,1.0,0
Netherlands,2022,Quartas de Final,Contemporary Era,1,0,0,1,2,2,0.0,0,2.0,2.0,0
New Zealand,1982,Fase de Grupos,Modern Era,3,0,0,3,2,12,0.0,-10,0.6666666666666666,4.0,0
New Zealand,2010,Fase de Grupos,Contemporary Era,3,0,3,0,2,2,0.0,0,0.6666666666666666,0.6666666666666666,0
Nigeria,1994,Fase de Grupos,Modern Era,3,2,0,1,6,2,0.6666666666666666,4,2.0,0.6666666666666666,0
Nigeria,1994,Oitavas de Final,Modern Era,1,0,0,1,1,2,0.0,-1,1.0,2.0,0
Nigeria,1998,Fase de Grupos,Modern Era,3,2,0,1,5,5,0.6666666666666666,0,1.6666666666666667,1.6666666666666667,0
Nigeria,1998,Oitavas de Final,Modern Era,1,0,0,1,1,4,0.0,-3,1.0,4.0,0
Nigeria,2002,Fase de Grupos,Modern Era,3,0,1,2,1,3,0.0,-2,0.3333333333333333,1.0,0
Nigeria,2010,Fase de Grupos,Contemporary Era,3,0,1,2,3,5,0.0,-2,1.0,1.6666666666666667,0
Nigeria,2014,Fase de Grupos,Contemporary Era,3,1,1,1,3,3,0.3333333333333333,0,1.0,1.0,0
Nigeria,2014,Oitavas de Final,Contemporary Era,1,0,0,1,0,2,0.0,-2,0.0,2.0,0
Nigeria,2018,Fase de Grupos,Contemporary Era,3,1,0,2,3,4,0.3333333333333333,-1,1.0,1.3333333333333333,0
Northern Ireland,1958,Fase de Grupos,Classic Era,4,2,1,1,6,6,0.5,0,1.5,1.5,0
Northern Ireland,1958,Quartas de Final,Classic Era,1,0,0,1,0,4,0.0,-4,0.0,4.0,0
Northern Ireland,1982,Fase de Grupos,Modern Era,5,1,3,1,5,7,0.2,-2,1.0,1.4,0
Northern Ireland,1986,Fase de Grupos,Modern Era,3,0,1,2,2,6,0.0,-4,0.6666666666666666,2.0,0
Norway,1938,Oitavas de Final,Classic Era,1,0,0,1,1,2,0.0,-1,1.0,2.0,0
Norway,1994,Fase de Grupos,Modern Era,3,1,1,1,1,1,0.3333333333333333,0,0.3333333333333333,0.3333333333333333,0
Norway,1998,Fase de Grupos,Modern Era,3,1,2,0,5,4,0.3333333333333333,1,1.6666666666666667,1.3333333333333333,0
Norway,1998,Oitavas de Final,Modern Era,1,0,0,1,0,1,0.0,-1,0.0,1.0,0
Panama,2018,Fase de Grupos,Contemporary Era,3,0,0,3,2,11,0.0,-9,0.6666666666666666,3.6666666666666665,0
Paraguay,1930,Fase de Grupos,Classic Era,2,1,0,1,1,3,0.5,-2,0.5,1.5,0
Paraguay,1950,Fase de Grupos,Classic Era,2,0,1,1,2,4,0.0,-2,1.0,2.0,0
Paraguay,1958,Fase de Grupos,Classic Era,3,1,1,1,9,12,0.3333333333333333,-3,3.0,4.0,0
Paraguay,1986,Fase de Grupos,Modern Era,3,1,2,0,4,3,0.3333333333333333,1,1.3333333333333333,1.0,0
Paraguay,1986,Oitavas de Final,Modern Era,1,0,0,1,0,3,0.0,-3,0.0,3.0,0
Paraguay,1998,Fase de Grupos,Modern Era,3,1,2,0,3,1,0.3333333333333333,2,1.0,0.3333333333333333,0
Paraguay,1998,Oitavas de Final,Modern Era,1,0,0,1,0,1,0.0,-1,0.0,1.0,0
Paraguay,2002,Fase de Grupos,Modern Era,3,1,1,1,6,6,0.3333333333333333,0,2.0,2.0,0
Paraguay,2002,Oitavas de Final,Modern Era,1,0,0,1,0,1,0.0,-1,0.0,1.0,0
Paraguay,2006,Fase de Grupos,Contemporary Era,3,1,0,2,2,2,0.3333333333333333,0,0.6666666666666666,0.6666666666666666,0
Paraguay,2010,Fase de Grupos,Contemporary Era,3,1,2,0,3,1,0.3333333333333333,2,1.0,0.3333333333333333,0
Paraguay,2010,Oitavas de Final,Contemporary Era,1,1,0,0,0,0,1.0,0,0.0,0.0,0
Paraguay,2010,Quartas de Final,Contemporary Era,1,0,0,1,0,1,0.0,-1,0.0,1.0,0
Peru,1930,Fase de Grupos,Classic Era,2,0,0,2,1,4,0.0,-3,0.5,2.0,0
Peru,1970,Fase de Grupos,Classic Era,3,2,0,1,7,5,0.6666666666666666,2,2.3333333333333335,1.6666666666666667,0
Peru,1970,Quartas de Final,Classic Era,1,0,0,1,2,4,0.0,-2,2.0,4.0,0
Peru,1978,Fase de Grupos,Modern Era,6,2,1,3,7,12,0.3333333333333333,-5,1.1666666666666667,2.0,0
Peru,1982,Fase de Grupos,Modern Era,3,0,2,1,2,6,0.0,-4,0.6666666666666666,2.0,0
Peru,2018,Fase de Grupos,Contemporary Era,3,1,0,2,2,2,0.3333333333333333,0,0.6666666666666666,0.6666666666666666,0
Poland,1938,Oitavas de Final,Classic Era,1,0,0,1,5,6,0.0,-1,5.0,6.0,0
Poland,1974,Fase de Grupos,Modern Era,6,5,0,1,15,5,0.8333333333333334,10,2.5,0.8333333333333334,0
Poland,1974,Terceiro Lugar,Modern Era,1,1,0,0,1,0,1.0,1,1.0,0.0,0
Poland,1978,Fase de Grupos,Modern Era,6,3,1,2,6,6,0.5,0,1.0,1.0,0
Poland,1982,Fase de Grupos,Modern Era,5,2,3,0,8,1,0.4,7,1.6,0.2,0
Poland,1982,Semi-finais,Modern Era,1,0,0,1,0,2,0.0,-2,0.0,2.0,0
Poland,1982,Terceiro Lugar,Modern Era,1,1,0,0,3,2,1.0,1,3.0,2.0,0
Poland,1986,Fase de Grupos,Modern Era,3,1,1,1,1,3,0.3333333333333333,-2,0.3333333333333333,1.0,0
Poland,1986,Oitavas de Final,Modern Era,1,0,0,1,0,4,0.0,-4,0.0,4.0,0
Poland,2002,Fase de Grupos,Modern Era,3,1,0,2,3,7,0.3333333333333333,-4,1.0,2.3333333333333335,0
Poland,2006,Fase de Grupos,Contemporary Era,3,1,0,2,2,4,0.3333333333333333,-2,0.6666666666666666,1.3333333333333333,0
Poland,2018,Fase de Grupos,Contemporary Era,3,1,0,2,2,5,0.3333333333333333,-3,0.6666666666666666,1.6666666666666667,0
Poland,2022,Fase de Grupos,Contemporary Era,3,1,1,1,2,2,0.3333333333333333,0,0.6666666666666666,0.6666666666666666,0
Poland,2022,Oitavas de Final,Contemporary Era,1,0,0,1,1,3,0.0,-2,1.0,3.0,0
Portugal,1966,Fase de Grupos,Classic Era,3,3,0,0,9,2,1.0,7,3.0,0.6666666666666666,0
Portugal,1966,Quartas de Final,Classic Era,1,1,0,0,5,3,1.0,2,5.0,3.0,0
Portugal,1966,Semi-finais,Classic Era,1,0,0,1,1,2,0.0,-1,1.0,2.0,0
Portugal,1966,Terceiro Lugar,Classic Era,1,1,0,0,2,1,1.0,1,2.0,1.0,0
Portugal,1986,Fase de Grupos,Modern Era,3,1,0,2,2,4,0.3333333333333333,-2,0.6666666666666666,1.3333333333333333,0
Portugal,2002,Fase de Grupos,Modern Era,3,1,0,2,6,4,0.3333333333333333,2,2.0,1.3333333333333333,0
Portugal,2006,Fase de Grupos,Contemporary Era,3,3,0,0,5,1,1.0,4,1.6666666666666667,0.3333333333333333,0
Portugal,2006,Oitavas de Final,Contemporary Era,1,1,0,0,1,0,1.0,1,1.0,0.0,0
Portugal,2006,Quartas de Final,Contemporary Era,1,1,0,0,0,0,1.0,0,0.0,0.0,0
Portugal,2006,Semi-finais,Contemporary Era,1,0,0,1,0,1,0.0,-1,0.0,1.0,0
Portugal,2006,Terceiro Lugar,Contemporary Era,1,0,0,1,1,3,0.0,-2,1.0,3.0,0
Portugal,2010,Fase de Grupos,Contemporary Era,3,1,2,0,7,0,0.3333333333333333,7,2.3333333333333335,0.0,0
Portugal,2010,Oitavas de Final,Contemporary Era,1,0,0,1,0,1,0.0,-1,0.0,1.0,0
Portugal,2014,Fase de Grupos,Contemporary Era,3,1,1,1,4,7,0.3333333333333333,-3,1.3333333333333333,2.3333333333333335,0
Portugal,2018,Fase de Grupos,Contemporary Era,3,1,2,0,5,4,0.3333333333333333,1,1.6666666666666667,1.3333333333333333,0
Portugal,2018,Oitavas de Final,Contemporary Era,1,0,0,1,1,2,0.0,-1,1.0,2.0,0
Portugal,2022,Fase de Grupos,Contemporary Era,3,2,0,1,6,4,0.6666666666666666,2,2.0,1.3333333333333333,0
Portugal,2022,Oitavas de Final,Contemporary Era,1,1,0,0,6,1,1.0,5,6.0,1.0,0
Portugal,2022,Quartas de Final,Contemporary Era,1,0,0,1,0,1,0.0,-1,0.0,1.0,0
Qatar,2022,Fase de Grupos,Contemporary Era,3,0,0,3,1,7,0.0,-6,0.3333333333333333,2.3333333333333335,0
Republic of Ireland,1990,Fase de Grupos,Modern Era,3,0,3,0,2,2,0.0,0,0.6666666666666666,0.6666666666666666,0
Republic of Ireland,1990,Oitavas de Final,Modern Era,1,1,0,0,0,0,1.0,0,0.0,0.0,0
Republic of Ireland,1990,Quartas de Final,Modern Era,1,0,0,1,0,1,0.0,-1,0.0,1.0,0
Republic of Ireland,1994,Fase de Grupos,Modern Era,3,1,1,1,2,2,0.3333333333333333,0,0.6666666666666666,0.6666666666666666,0
Republic of Ireland,1994,Oitavas de Final,Modern Era,1,0,0,1,0,2,0.0,-2,0.0,2.0,0
Republic of Ireland,2002,Fase de Grupos,Modern Era,3,1,2,0,5,2,0.3333333333333333,3,1.6666666666666667,0.6666666666666666,0
Republic of Ireland,2002,Oitavas de Final,Modern Era,1,0,0,1,1,1,0.0,0,1.0,1.0,0
Romania,1930,Fase de Grupos,Classic Era,2,1,0,1,3,5,0.5,-2,1.5,2.5,0
Romania,1934,Oitavas de Final,Classic Era,1,0,0,1,1,2,0.0,-1,1.0,2.0,0
Romania,1938,Oitavas de Final,Classic Era,2,0,1,1,4,5,0.0,-1,2.0,2.5,0
Romania,1970,Fase de Grupos,Classic Era,3,1,0,2,4,5,0.3333333333333333,-1,1.3333333333333333,1.6666666666666667,0
Romania,1990,Fase de Grupos,Modern Era,3,1,1,1,4,3,0.3333333333333333,1,1.3333333333333333,1.0,0
Romania,1990,Oitavas de Final,Modern Era,1,0,0,1,0,0,0.0,0,0.0,0.0,0
Romania,1994,Fase de Grupos,Modern Era,3,2,0,1,5,5,0.6666666666666666,0,1.6666666666666667,1.6666666666666667,0
Romania,1994,Oitavas de Final,Modern Era,1,1,0,0,3,2,1.0,1,3.0,2.0,0
Romania,1994,Quartas de Final,Modern Era,1,0,0,1,2,2,0.0,0,2.0,2.0,0
Romania,1998,Fase de Grupos,Modern Era,3,2,1,0,4,2,0.6666666666666666,2,1.3333333333333333,0.6666666666666666,0
Romania,1998,Oitavas de Final,Modern Era,1,0,0,1,0,1,0.0,-1,0.0,1.0,0
Russia,1958,Fase de Grupos,Classic Era,4,2,1,1,5,4,0.5,1,1.25,1.0,0
Russia,1958,Quartas de Final,Classic Era,1,0,0,1,0,2,0.0,-2,0.0,2.0,0
Russia,1962,Fase de Grupos,Classic Era,3,2,1,0,8,5,0.6666666666666666,3,2.6666666666666665,1.6666666666666667,0
Russia,1962,Quartas de Final,Classic Era,1,0,0,1,1,2,0.0,-1,1.0,2.0,0
Russia,1966,Fase de Grupos,Classic Era,3,3,0,0,6,1,1.0,5,2.0,0.3333333333333333,0
Russia,1966,Quartas de Final,Classic Era,1,1,0,0,2,1,1.0,1,2.0,1.0,0
Russia,1966,Semi-finais,Classic Era,1,0,0,1,1,2,0.0,-1,1.0,2.0,0
Russia,1966,Terceiro Lugar,Classic Era,1,0,0,1,1,2,0.0,-1,1.0,2.0,0
Russia,1970,Fase de Grupos,Classic Era,3,2,1,0,6,1,0.6666666666666666,5,2.0,0.3333333333333333,0
Russia,1970,Quartas de Final,Classic Era,1,0,0,1,0,1,0.0,-1,0.0,1.0,0
Russia,1982,Fase de Grupos,Modern Era,5,2,2,1,7,4,0.4,3,1.4,0.8,0
Russia,1986,Fase de Grupos,Modern Era,3,2,1,0,9,1,0.6666666666666666,8,3.0,0.3333333333333333,0
Russia,1986,Oitavas de Final,Modern Era,1,0,0,1,3,4,0.0,-1,3.0,4.0,0
Russia,1990,Fase de Grupos,Modern Era,3,1,0,2,4,4,0.3333333333333333,0,1.3333333333333333,1.3333333333333333,0
Russia,1994,Fase de Grupos,Modern Era,3,1,0,2,7,6,0.3333333333333333,1,2.3333333333333335,2.0,0
Russia,2002,Fase de Grupos,Modern Era,3,1,0,2,4,4,0.3333333333333333,0,1.3333333333333333,1.3333333333333333,0
Russia,2014,Fase de Grupos,Contemporary Era,3,0,2,1,2,3,0.0,-1,0.6666666666666666,1.0,0
Russia,2018,Fase de Grupos,Contemporary Era,3,2,0,1,8,4,0.6666666666666666,4,2.6666666666666665,1.3333333333333333,0
Russia,2018,Oitavas de Final,Contemporary Era,1,1,0,0,1,1,1.0,0,1.0,1.0,0
Russia,2018,Quartas de Final,Contemporary Era,1,0,0,1,2,2,0.0,0,2.0,2.0,0
Saudi Arabia,1994,Fase de Grupos,Modern Era,3,2,0,1,4,3,0.6666666666666666,1,1.3333333333333333,1.0,0
Saudi Arabia,1994,Oitavas de Final,Modern Era,1,0,0,1,1,3,0.0,-2,1.0,3.0,0
Saudi Arabia,1998,Fase de Grupos,Modern Era,3,0,1,2,2,7,0.0,-5,0.6666666666666666,2.3333333333333335,0
Saudi Arabia,2002,Fase de Grupos,Modern Era,3,0,0,3,0,12,0.0,-12,0.0,4.0,0
Saudi Arabia,2006,Fase de Grupos,Contemporary Era,3,0,1,2,2,7,0.0,-5,0.6666666666666666,2.3333333333333335,0
Saudi Arabia,2018,Fase de Grupos,Contemporary Era,3,1,0,2,2,7,0.3333333333333333,-5,0.6666666666666666,2.3333333333333335,0
Saudi Arabia,2022,Fase de Grupos,Contemporary Era,3,1,0,2,3,5,0.3333333333333333,-2,1.0,1.6666666666666667,0
Scotland,1954,Fase de Grupos,Classic Era,2,0,0,2,0,8,0.0,-8,0.0,4.0,0
Scotland,1958,Fase de Grupos,Classic Era,3,0,1,2,4,6,0.0,-2,1.3333333333333333,2.0,0
Scotland,1974,Fase de Grupos,Modern Era,3,1,2,0,3,1,0.3333333333333333,2,1.0,0.3333333333333333,0
Scotland,1978,Fase de Grupos,Modern Era,3,1,1,1,5,6,0.3333333333333333,-1,1.6666666666666667,2.0,0
Scotland,1982,Fase de Grupos,Modern Era,3,1,1,1,8,8,0.3333333333333333,0,2.6666666666666665,2.6666666666666665,0
Scotland,1986,Fase de Grupos,Modern Era,3,0,1,2,1,3,0.0,-2,0.3333333333333333,1.0,0
Scotland,1990,Fase de Grupos,Modern Era,3,1,0,2,2,3,0.3333333333333333,-1,0.6666666666666666,1.0,0
Scotland,1998,Fase de Grupos,Modern Era,3,0,1,2,2,6,0.0,-4,0.6666666666666666,2.0,0
Senegal,2002,Fase de Grupos,Modern Era,3,1,2,0,5,4,0.3333333333333333,1,1.6666666666666667,1.3333333333333333,0
Senegal,2002,Oitavas de Final,Modern Era,1,1,0,0,2,1,1.0,1,2.0,1.0,0
Senegal,2002,Quartas de Final,Modern Era,1,0,0,1,0,1,0.0,-1,0.0,1.0,0
Senegal,2018,Fase de Grupos,Contemporary Era,3,1,1,1,4,4,0.3333333333333333,0,1.3333333333333333,1.3333333333333333,0
Senegal,2022,Fase de Grupos,Contemporary Era,3,2,0,1,5,4,0.6666666666666666,1,1.6666666666666667,1.3333333333333333,0
Senegal,2022,Oitavas de Final,Contemporary Era,1,0,0,1,0,3,0.0,-3,0.0,3.0,0
Serbia,1930,Fase de Grupos,Classic Era,2,2,0,0,6,1,1.0,5,3.0,0.5,0
Serbia,1930,Semi-finais,Classic Era,1,0,0,1,1,6,0.0,-5,1.0,6.0,0
Serbia,1950,Fase de Grupos,Classic Era,3,2,0,1,7,3,0.6666666666666666,4,2.3333333333333335,1.0,0
Serbia,1954,Fase de Grupos,Classic Era,2,1,1,0,2,1,0.5,1,1.0,0.5,0
Serbia,1954,Quartas de Final,Classic Era,1,0,0,1,0,2,0.0,-2,0.0,2.0,0
Serbia,1958,Fase de Grupos,Classic Era,3,1,2,0,7,6,0.3333333333333333,1,2.3333333333333335,2.0,0
Serbia,1958,Quartas de Final,Classic Era,1,0,0,1,0,1,0.0,-1,0.0,1.0,0
Serbia,1962,Fase de Grupos,Classic Era,3,2,0,1,8,3,0.6666666666666666,5,2.6666666666666665,1.0,0
Serbia,1962,Quartas de Final,Classic Era,1,1,0,0,1,0,1.0,1,1.0,0.0,0
Serbia,1962,Semi-finais,Classic Era,1,0,0,1,1,3,0.0,-2,1.0,3.0,0
Serbia,1962,Terceiro Lugar,Classic Era,1,0,0,1,0,1,0.0,-1,0.0,1.0,0
Serbia,1974,Fase de Grupos,Modern Era,6,1,2,3,12,7,0.16666666666666666,5,2.0,1.1666666666666667,0
Serbia,1982,Fase de Grupos,Modern Era,3,1,1,1,2,2,0.3333333333333333,0,0.6666666666666666,0.6666666666666666,0
Serbia,1990,Fase de Grupos,Modern Era,3,2,0,1,6,5,0.6666666666666666,1,2.0,1.6666666666666667,0
Serbia,1990,Oitavas de Final,Modern Era,1,1,0,0,2,1,1.0,1,2.0,1.0,0
Serbia,1990,Quartas de Final,Modern Era,1,0,0,1,0,0,0.0,0,0.0,0.0,0
Serbia,1998,Fase de Grupos,Modern Era,3,2,1,0,4,2,0.6666666666666666,2,1.3333333333333333,0.6666666666666666,0
Serbia,1998,Oitavas de Final,Modern Era,1,0,0,1,1,2,0.0,-1,1.0,2.0,0
Serbia,2010,Fase de Grupos,Contemporary Era,3,1,0,2,2,3,0.3333333333333333,-1,0.6666666666666666,1.0,0
Serbia,2018,Fase de Grupos,Contemporary Era,3,1,0,2,2,4,0.3333333333333333,-2,0.6666666666666666,1.3333333333333333,0
Serbia,2022,Fase de Grupos,Contemporary Era,3,0,1,2,5,8,0.0,-3,1.6666666666666667,2.6666666666666665,0
Serbia and Montenegro,2006,Fase de Grupos,Contemporary Era,3,0,0,3,2,10,0.0,-8,0.6666666666666666,3.3333333333333335,0
Slovakia,2010,Fase de Grupos,Contemporary Era,3,1,1,1,4,5,0.3333333333333333,-1,1.3333333333333333,1.6666666666666667,0
Slovakia,2010,Oitavas de Final,Contemporary Era,1,0,0,1,1,2,0.0,-1,1.0,2.0,0
Slovenia,2002,Fase de Grupos,Modern Era,3,0,0,3,2,7,0.0,-5,0.6666666666666666,2.3333333333333335,0
Slovenia,2010,Fase de Grupos,Contemporary Era,3,1,1,1,3,3,0.3333333333333333,0,1.0,1.0,0
South Africa,1998,Fase de Grupos,Modern Era,3,0,2,1,3,6,0.0,-3,1.0,2.0,0
South Africa,2002,Fase de Grupos,Modern Era,3,1,1,1,5,5,0.3333333333333333,0,1.6666666666666667,1.6666666666666667,0
South Africa,2010,Fase de Grupos,Contemporary Era,3,1,1,1,3,5,0.3333333333333333,-2,1.0,1.6666666666666667,0
Spain,1934,Oitavas de Final,Classic Era,1,1,0,0,3,1,1.0,2,3.0,1.0,0
Spain,1934,Quartas de Final,Classic Era,2,0,1,1,1,2,0.0,-1,0.5,1.0,0
Spain,1950,Fase de Grupos,Classic Era,6,3,1,2,10,12,0.5,-2,1.6666666666666667,2.0,0
Spain,1962,Fase de Grupos,Classic Era,3,1,0,2,2,3,0.3333333333333333,-1,0.6666666666666666,1.0,0
Spain,1966,Fase de Grupos,Classic Era,3,1,0,2,4,5,0.3333333333333333,-1,1.3333333333333333,1.6666666666666667,0
Spain,1978,Fase de Grupos,Modern Era,3,1,1,1,2,2,0.3333333333333333,0,0.6666666666666666,0.6666666666666666,0
Spain,1982,Fase de Grupos,Modern Era,5,1,2,2,4,5,0.2,-1,0.8,1.0,0
Spain,1986,Fase de Grupos,Modern Era,3,2,0,1,5,2,0.6666666666666666,3,1.6666666666666667,0.6666666666666666,0
Spain,1986,Oitavas de Final,Modern Era,1,1,0,0,5,1,1.0,4,5.0,1.0,0
Spain,1986,Quartas de Final,Modern Era,1,0,0,1,1,1,0.0,0,1.0,1.0,0
Spain,1990,Fase de Grupos,Modern Era,3,2,1,0,5,2,0.6666666666666666,3,1.6666666666666667,0.6666666666666666,0
Spain,1990,Oitavas de Final,Modern Era,1,0,0,1,1,2,0.0,-1,1.0,2.0,0
Spain,1994,Fase de Grupos,Modern Era,3,1,2,0,6,4,0.3333333333333333,2,2.0,1.3333333333333333,0
Spain,1994,Oitavas de Final,Modern Era,1,1,0,0,3,0,1.0,3,3.0,0.0,0
Spain,1994,Quartas de Final,Modern Era,1,0,0,1,1,2,0.0,-1,1.0,2.0,0
Spain,1998,Fase de Grupos,Modern Era,3,1,1,1,8,4,0.3333333333333333,4,2.6666666666666665,1.3333333333333333,0
Spain,2002,Fase de Grupos,Modern Era,3,3,0,0,9,4,1.0,5,3.0,1.3333333333333333,0
Spain,2002,Oitavas de Final,Modern Era,1,1,0,0,1,1,1.0,0,1.0,1.0,0
Spain,2002,Quartas de Final,Modern Era,1,0,0,1,0,0,0.0,0,0.0,0.0,0
Spain,2006,Fase de Grupos,Contemporary Era,3,3,0,0,8,1,1.0,7,2.6666666666666665,0.3333333333333333,0
Spain,2006,Oitavas de Final,Contemporary Era,1,0,0,1,1,3,0.0,-2,1.0,3.0,0
Spain,2010,Fase de Grupos,Contemporary Era,3,2,0,1,4,2,0.6666666666666666,2,1.3333333333333333,0.6666666666666666,1
Spain,2010,Final,Contemporary Era,1,1,0,0,1,0,1.0,1,1.0,0.0,1
Spain,2010,Oitavas de Final,Contemporary Era,1,1,0,0,1,0,1.0,1,1.0,0.0,1
Spain,2010,Quartas de Final,Contemporary Era,1,1,0,0,1,0,1.0,1,1.0,0.0,1
Spain,2010,Semi-finais,Contemporary Era,1,1,0,0,1,0,1.0,1,1.0,0.0,1
Spain,2014,Fase de Grupos,Contemporary Era,3,1,0,2,4,7,0.3333333333333333,-3,1.3333333333333333,2.3333333333333335,0
Spain,2018,Fase de Grupos,Contemporary Era,3,1,2,0,6,5,0.3333333333333333,1,2.0,1.6666666666666667,0
Spain,2018,Oitavas de Final,Contemporary Era,1,0,0,1,1,1,0.0,0,1.0,1.0,0
Spain,2022,Fase de Grupos,Contemporary Era,3,1,1,1,9,3,0.3333333333333333,6,3.0,1.0,0
Spain,2022,Oitavas de Final,Contemporary Era,1,0,0,1,0,0,0.0,0,0.0,0.0,0
Sweden,1934,Oitavas de Final,Classic Era,1,1,0,0,3,2,1.0,1,3.0,2.0,0
Sweden,1934,Quartas de Final,Classic Era,1,0,0,1,1,2,0.0,-1,1.0,2.0,0
Sweden,1938,Quartas de Final,Classic Era,1,1,0,0,8,0,1.0,8,8.0,0.0,0
Sweden,1938,Semi-finais,Classic Era,1,0,0,1,1,5,0.0,-4,1.0,5.0,0
Sweden,1938,Terceiro Lugar,Classic Era,1,0,0,1,2,4,0.0,-2,2.0,4.0,0
Sweden,1950,Fase de Grupos,Classic Era,5,2,1,2,11,15,0.4,-4,2.2,3.0,0
Sweden,1958,Fase de Grupos,Classic Era,3,2,1,0,5,1,0.6666666666666666,4,1.6666666666666667,0.3333333333333333,0
Sweden,1958,Final,Classic Era,1,0,0,1,2,5,0.0,-3,2.0,5.0,0
Sweden,1958,Quartas de Final,Classic Era,1,1,0,0,2,0,1.0,2,2.0,0.0,0
Sweden,1958,Semi-finais,Classic Era,1,1,0,0,3,1,1.0,2,3.0,1.0,0
Sweden,1970,Fase de Grupos,Classic Era,3,1,1,1,2,2,0.3333333333333333,0,0.6666666666666666,0.6666666666666666,0
Sweden,1974,Fase de Grupos,Modern Era,6,2,2,2,7,6,0.3333333333333333,1,1.1666666666666667,1.0,0
Sweden,1978,Fase de Grupos,Modern Era,3,0,1,2,1,3,0.0,-2,0.3333333333333333,1.0,0
Sweden,1990,Fase de Grupos,Modern Era,3,0,0,3,3,6,0.0,-3,1.0,2.0,0
Sweden,1994,Fase de Grupos,Modern Era,3,1,2,0,6,4,0.3333333333333333,2,2.0,1.3333333333333333,0
Sweden,1994,Oitavas de Final,Modern Era,1,1,0,0,3,1,1.0,2,3.0,1.0,0
Sweden,1994,Quartas de Final,Modern Era,1,1,0,0,2,2,1.0,0,2.0,2.0,0
Sweden,1994,Semi-finais,Modern Era,1,0,0,1,0,1,0.0,-1,0.0,1.0,0
Sweden,1994,Terceiro Lugar,Modern Era,1,1,0,0,4,0,1.0,4,4.0,0.0,0
Sweden,2002,Fase de Grupos,Modern Era,3,1,2,0,4,3,0.3333333333333333,1,1.3333333333333333,1.0,0
Sweden,2002,Oitavas de Final,Modern Era,1,0,0,1,1,2,0.0,-1,1.0,2.0,0
Sweden,2006,Fase de Grupos,Contemporary Era,3,1,2,0,3,2,0.3333333333333333,1,1.0,0.6666666666666666,0
Sweden,2006,Oitavas de Final,Contemporary Era,1,0,0,1,0,2,0.0,-2,0.0,2.0,0
Sweden,2018,Fase de Grupos,Contemporary Era,3,2,0,1,5,2,0.6666666666666666,3,1.6666666666666667,0.6666666666666666,0
Sweden,2018,Oitavas de Final,Contemporary Era,1,1,0,0,1,0,1.0,1,1.0,0.0,0
Sweden,2018,Quartas de Final,Contemporary Era,1,0,0,1,0,2,0.0,-2,0.0,2.0,0
Switzerland,1934,Oitavas de Final,Classic Era,1,1,0,0,3,2,1.0,1,3.0,2.0,0
Switzerland,1934,Quartas de Final,Classic Era,1,0,0,1,2,3,0.0,-1,2.0,3.0,0
Switzerland,1938,Oitavas de Final,Classic Era,2,1,1,0,5,3,0.5,2,2.5,1.5,0
Switzerland,1938,Quartas de Final,Classic Era,1,0,0,1,0,2,0.0,-2,0.0,2.0,0
Switzerland,1950,Fase de Grupos,Classic Era,3,1,1,1,4,6,0.3333333333333333,-2,1.3333333333333333,2.0,0
Switzerland,1954,Fase de Grupos,Classic Era,3,2,0,1,6,4,0.6666666666666666,2,2.0,1.3333333333333333,0
Switzerland,1954,Quartas de Final,Classic Era,1,0,0,1,5,7,0.0,-2,5.0,7.0,0
Switzerland,1962,Fase de Grupos,Classic Era,3,0,0,3,2,8,0.0,-6,0.6666666666666666,2.6666666666666665,0
Switzerland,1966,Fase de Grupos,Classic Era,3,0,0,3,1,9,0.0,-8,0.3333333333333333,3.0,0
Switzerland,1994,Fase de Grupos,Modern Era,3,1,1,1,5,4,0.3333333333333333,1,1.6666666666666667,1.3333333333333333,0
Switzerland,1994,Oitavas de Final,Modern Era,1,0,0,1,0,3,0.0,-3,0.0,3.0,0
Switzerland,2006,Fase de Grupos,Contemporary Era,3,2,1,0,4,0,0.6666666666666666,4,1.3333333333333333,0.0,0
Switzerland,2006,Oitavas de Final,Contemporary Era,1,0,0,1,0,0,0.0,0,0.0,0.0,0
Switzerland,2010,Fase de Grupos,Contemporary Era,3,1,1,1,1,1,0.3333333333333333,0,0.3333333333333333,0.3333333333333333,0
Switzerland,2014,Fase de Grupos,Contemporary Era,3,2,0,1,7,6,0.6666666666666666,1,2.3333333333333335,2.0,0
Switzerland,2014,Oitavas de Final,Contemporary Era,1,0,0,1,0,1,0.0,-1,0.0,1.0,0
Switzerland,2018,Fase de Grupos,Contemporary Era,3,1,2,0,5,4,0.3333333333333333,1,1.6666666666666667,1.3333333333333333,0
Switzerland,2018,Oitavas de Final,Contemporary Era,1,0,0,1,0,1,0.0,-1,0.0,1.0,0
Switzerland,2022,Fase de Grupos,Contemporary Era,3,2,0,1,4,3,0.6666666666666666,1,1.3333333333333333,1.0,0
Switzerland,2022,Oitavas de Final,Contemporary Era,1,0,0,1,1,6,0.0,-5,1.0,6.0,0
Togo,2006,Fase de Grupos,Contemporary Era,3,0,0,3,1,6,0.0,-5,0.3333333333333333,2.0,0
Trinidad and Tobago,2006,Fase de Grupos,Contemporary Era,3,0,1,2,0,4,0.0,-4,0.0,1.3333333333333333,0
Tunisia,1978,Fase de Grupos,Modern Era,3,1,1,1,3,2,0.3333333333333333,1,1.0,0.6666666666666666,0
Tunisia,1998,Fase de Grupos,Modern Era,3,0,1,2,1,4,0.0,-3,0.3333333333333333,1.3333333333333333,0
Tunisia,2002,Fase de Grupos,Modern Era,3,0,1,2,1,5,0.0,-4,0.3333333333333333,1.6666666666666667,0
Tunisia,2006,Fase de Grupos,Contemporary Era,3,0,1,2,3,6,0.0,-3,1.0,2.0,0
Tunisia,2018,Fase de Grupos,Contemporary Era,3,1,0,2,5,8,0.3333333333333333,-3,1.6666666666666667,2.6666666666666665,0
Tunisia,2022,Fase de Grupos,Contemporary Era,3,1,1,1,1,1,0.3333333333333333,0,0.3333333333333333,0.3333333333333333,0
Türkiye,1954,Fase de Grupos,Classic Era,3,1,0,2,10,11,0.3333333333333333,-1,3.3333333333333335,3.6666666666666665,0
Türkiye,2002,Fase de Grupos,Modern Era,3,1,1,1,5,3,0.3333333333333333,2,1.6666666666666667,1.0,0
Türkiye,2002,Oitavas de Final,Modern Era,1,1,0,0,1,0,1.0,1,1.0,0.0,0
Türkiye,2002,Quartas de Final,Modern Era,1,1,0,0,1,0,1.0,1,1.0,0.0,0
Türkiye,2002,Semi-finais,Modern Era,1,0,0,1,0,1,0.0,-1,0.0,1.0,0
Türkiye,2002,Terceiro Lugar,Modern Era,1,1,0,0,3,2,1.0,1,3.0,2.0,0
Ukraine,2006,Fase de Grupos,Contemporary Era,3,2,0,1,5,4,0.6666666666666666,1,1.6666666666666667,1.3333333333333333,0
Ukraine,2006,Oitavas de Final,Contemporary Era,1,1,0,0,0,0,1.0,0,0.0,0.0,0
Ukraine,2006,Quartas de Final,Contemporary Era,1,0,0,1,0,3,0.0,-3,0.0,3.0,0
United Arab Emirates,1990,Fase de Grupos,Modern Era,3,0,0,3,2,11,0.0,-9,0.6666666666666666,3.6666666666666665,0
United States,1930,Fase de Grupos,Classic Era,2,2,0,0,6,0,1.0,6,3.0,0.0,0
United States,1930,Semi-finais,Classic Era,1,0,0,1,1,6,0.0,-5,1.0,6.0,0
United States,1934,Oitavas de Final,Classic Era,1,0,0,1,1,7,0.0,-6,1.0,7.0,0
United States,1950,Fase de Grupos,Classic Era,3,1,0,2,4,8,0.3333333333333333,-4,1.3333333333333333,2.6666666666666665,0
United States,1990,Fase de Grupos,Modern Era,3,0,0,3,2,8,0.0,-6,0.6666666666666666,2.6666666666666665,0
United States,1994,Fase de Grupos,Modern Era,3,1,1,1,3,3,0.3333333333333333,0,1.0,1.0,0
United States,1994,Oitavas de Final,Modern Era,1,0,0,1,0,1,0.0,-1,0.0,1.0,0
United States,1998,Fase de Grupos,Modern Era,3,0,0,3,1,5,0.0,-4,0.3333333333333333,1.6666666666666667,0
United States,2002,Fase de Grupos,Modern Era,3,1,1,1,5,6,0.3333333333333333,-1,1.6666666666666667,2.0,0
United States,2002,Oitavas de Final,Modern Era,1,1,0,0,2,0,1.0,2,2.0,0.0,0
United States,2002,Quartas de Final,Modern Era,1,0,0,1,0,1,0.0,-1,0.0,1.0,0
United States,2006,Fase de Grupos,Contemporary Era,3,0,1,2,2,6,0.0,-4,0.6666666666666666,2.0,0
United States,2010,Fase de Grupos,Contemporary Era,3,1,2,0,4,3,0.3333333333333333,1,1.3333333333333333,1.0,0
United States,2010,Oitavas de Final,Contemporary Era,1,0,0,1,1,2,0.0,-1,1.0,2.0,0
United States,2014,Fase de Grupos,Contemporary Era,3,1,1,1,4,4,0.3333333333333333,0,1.3333333333333333,1.3333333333333333,0
United States,2014,Oitavas de Final,Contemporary Era,1,0,0,1,1,2,0.0,-1,1.0,2.0,0
United States,2022,Fase de Grupos,Contemporary Era,3,1,2,0,2,1,0.3333333333333333,1,0.6666666666666666,0.3333333333333333,0
United States,2022,Oitavas de Final,Contemporary Era,1,0,0,1,1,3,0.0,-2,1.0,3.0,0
Uruguay,1930,Fase de Grupos,Classic Era,2,2,0,0,5,0,1.0,5,2.5,0.0,1
Uruguay,1930,Final,Classic Era,1,1,0,0,4,2,1.0,2,4.0,2.0,1
Uruguay,1930,Semi-finais,Classic Era,1,1,0,0,6,1,1.0,5,6.0,1.0,1
Uruguay,1950,Fase de Grupos,Classic Era,4,3,1,0,15,5,0.75,10,3.75,1.25,1
Uruguay,1954,Fase de Grupos,Classic Era,2,2,0,0,9,0,1.0,9,4.5,0.0,0
Uruguay,1954,Quartas de Final,Classic Era,1,1,0,0,4,2,1.0,2,4.0,2.0,0
Uruguay,1954,Semi-finais,Classic Era,1,0,0,1,2,4,0.0,-2,2.0,4.0,0
Uruguay,1954,Terceiro Lugar,Classic Era,1,0,0,1,1,3,0.0,-2,1.0,3.0,0
Uruguay,1962,Fase de Grupos,Classic Era,3,1,0,2,4,6,0.3333333333333333,-2,1.3333333333333333,2.0,0
Uruguay,1966,Fase de Grupos,Classic Era,3,1,2,0,2,1,0.3333333333333333,1,0.6666666666666666,0.3333333333333333,0
Uruguay,1966,Quartas de Final,Classic Era,1,0,0,1,0,4,0.0,-4,0.0,4.0,0
Uruguay,1970,Fase de Grupos,Classic Era,3,1,1,1,2,1,0.3333333333333333,1,0.6666666666666666,0.3333333333333333,0
Uruguay,1970,Quartas de Final,Classic Era,1,1,0,0,1,0,1.0,1,1.0,0.0,0
Uruguay,1970,Semi-finais,Classic Era,1,0,0,1,1,3,0.0,-2,1.0,3.0,0
Uruguay,1970,Terceiro Lugar,Classic Era,1,0,0,1,0,1,0.0,-1,0.0,1.0,0
Uruguay,1974,Fase de Grupos,Modern Era,3,0,1,2,1,6,0.0,-5,0.3333333333333333,2.0,0
Uruguay,1986,Fase de Grupos,Modern Era,3,0,2,1,2,7,0.0,-5,0.6666666666666666,2.3333333333333335,0
Uruguay,1986,Oitavas de Final,Modern Era,1,0,0,1,0,1,0.0,-1,0.0,1.0,0
Uruguay,1990,Fase de Grupos,Modern Era,3,1,1,1,2,3,0.3333333333333333,-1,0.6666666666666666,1.0,0
Uruguay,1990,Oitavas de Final,Modern Era,1,0,0,1,0,2,0.0,-2,0.0,2.0,0
Uruguay,2002,Fase de Grupos,Modern Era,3,0,2,1,4,5,0.0,-1,1.3333333333333333,1.6666666666666667,0
Uruguay,2010,Fase de Grupos,Contemporary Era,3,2,1,0,4,0,0.6666666666666666,4,1.3333333333333333,0.0,0
Uruguay,2010,Oitavas de Final,Contemporary Era,1,1,0,0,2,1,1.0,1,2.0,1.0,0
Uruguay,2010,Quartas de Final,Contemporary Era,1,1,0,0,1,1,1.0,0,1.0,1.0,0
Uruguay,2010,Semi-finais,Contemporary Era,1,0,0,1,2,3,0.0,-1,2.0,3.0,0
Uruguay,2010,Terceiro Lugar,Contemporary Era,1,0,0,1,2,3,0.0,-1,2.0,3.0,0
Uruguay,2014,Fase de Grupos,Contemporary Era,3,2,0,1,4,4,0.6666666666666666,0,1.3333333333333333,1.3333333333333333,0
Uruguay,2014,Oitavas de Final,Contemporary Era,1,0,0,1,0,2,0.0,-2,0.0,2.0,0
Uruguay,2018,Fase de Grupos,Contemporary Era,3,3,0,0,5,0,1.0,5,1.6666666666666667,0.0,0
Uruguay,2018,Oitavas de Final,Contemporary Era,1,1,0,0,2,1,1.0,1,2.0,1.0,0
Uruguay,2018,Quartas de Final,Contemporary Era,1,0,0,1,0,2,0.0,-2,0.0,2.0,0
Uruguay,2022,Fase de Grupos,Contemporary Era,3,1,1,1,2,2,0.3333333333333333,0,0.6666666666666666,0.6666666666666666,0
Wales,1958,Fase de Grupos,Classic Era,4,1,3,0,4,3,0.25,1,1.0,0.75,0
Wales,1958,Quartas de Final,Classic Era,1,0,0,1,0,1,0.0,-1,0.0,1.0,0
Wales,2022,Fase de Grupos,Contemporary Era,3,0,1,2,1,6,0.0,-5,0.3333333333333333,2.0,0
Zaire,1974,Fase de Grupos,Modern Era,3,0,0,3,0,14,0.0,-14,0.0,4.666666666666667,0
